Categorie,Nom,Code Postal,Ville,Activite principale,Site Web,Contact
GE,ATOS INFOGERANCE ,69100,VILLEURBANNE,Gestion d installations informatiques,,[]
ETI,OFFICE NATIONAL D INFORMATION SUR LES ENSEIGNEMENTS ET LES PROFESSIONS ONISEP,69004,LYON 4EME,"Traitement de données, hébergement et activités connexes",,[]
PME,GPT ASSISTANCE COOPE DOCUMEN PSYCHIATRIE ASCODOCPSY,69008,LYON 8EME,"Traitement de données, hébergement et activités connexes",,[]
ETI,CIRIL GROUP ,69100,VILLEURBANNE,Conseil en systèmes et logiciels informatiques,www.cirilgroup.com,"[['contact@cirilgroup.com.Mentions', 'contact@cirilgroup.com', 'contact@cirilgroup.\u200bcom'], ['contact@cirilgroup.com.Mentions'], ['contact@cirilgroup.com.'], ['contact@cirilgroup.com'], ['contact@cirilgroup.\u200bcom']]"
PME,AXESS EDUCATION ET FORMATION ,69007,LYON 7EME,Tierce maintenance de systèmes et d applications informatiques,www.axess-education.fr,"[['assistance-educationbpm@axess.fr', 'commercial-education@axess.fr', 'information@axess.fr'], ['assistance-educationbpm@axess.fr'], ['commercial-education@axess.fr'], ['information@axess.fr']]"
PME,AXESS EDUCATION ET FORMATION ,69007,LYON 7EME,Tierce maintenance de systèmes et d applications informatiques,www.axess-education.fr,"[['assistance-educationbpm@axess.fr', 'commercial-education@axess.fr', 'information@axess.fr'], ['assistance-educationbpm@axess.fr'], ['commercial-education@axess.fr'], ['information@axess.fr']]"
GE,EURO-INFORMATION EUROPEENNE DE TRAITEMENT DE L'INFORMATION EURO INFORMATION,69009,LYON 9EME,Gestion d installations informatiques,,[]
GE,STEF INFORMATION ET TECHNOLOGIES ,69007,LYON 7EME,Conseil en systèmes et logiciels informatiques,www.stef.com,[]
ETI,SOCIETE POUR L'INFORMATIQUE INDUSTRIELLE SII,69003,LYON 3EME,Conseil en systèmes et logiciels informatiques,www.societe.com,[]
GE,GFI INFORMATIQUE ENTREPRISE SOLUTIONS ,69005,LYON 5EME,Conseil en systèmes et logiciels informatiques,,[]
PME,ORGAN TEMPOR 10 COLLOQ RADIO IMMONOLOGUE ,69008,LYON 8EME,"Traitement de données, hébergement et activités connexes",,[]
GE,FIDUCIAL INFORMATIQUE ,69009,LYON 9EME,Conseil en systèmes et logiciels informatiques,www.fiducial.fr,[]
GE,FIDUCIAL INFORMATIQUE ,69009,LYON 9EME,Conseil en systèmes et logiciels informatiques,www.fiducial.fr,[]
PME,LES AMIS DU PERE LEBRET ,69008,LYON 8EME,"Traitement de données, hébergement et activités connexes",,[]
ETI,T-SYSTEMS FRANCE ,69007,LYON 7EME,Gestion d installations informatiques,www.t-systems.com,"[['info.france@t\u200b-systems.com.', 'info@t-systems.com.'], ['info.france@t\u200b-systems.com.'], ['info@t-systems.com.']]"
ETI,T-SYSTEMS FRANCE ,69007,LYON 7EME,Gestion d installations informatiques,www.t-systems.com,"[['info.france@t\u200b-systems.com.', 'info@t-systems.com.'], ['info.france@t\u200b-systems.com.'], ['info@t-systems.com.']]"
GE,DOCAPOSTE BPO ,69007,LYON 7EME,"Traitement de données, hébergement et activités connexes",www.docaposte.com,"[['delphine.benard@docapost.fr.Contacter'], ['delphine.benard@docapost.fr.']]"
PME,SOLYNFO ,69007,LYON 7EME,Gestion d installations informatiques,,[]
PME,RHONE INFORMATIQUE ,69003,LYON 3EME,"Traitement de données, hébergement et activités connexes",,[]
PME,MICRO INFORMATIQUE REALIS SERV MIRS,69100,VILLEURBANNE,"Traitement de données, hébergement et activités connexes",,[]
ETI,FOLIATEAM RHONE-ALPES ,69100,VILLEURBANNE,Telecommunications sans fil,www.foliateam.com,[]
PME,AMITEL ,69100,VILLEURBANNE,"Traitement de données, hébergement et activités connexes",www.amitel.fr,"[['infos@residence-amitel.fr', 'contact@touchfordiffusion.comDemande'], ['infos@residence-amitel.fr', 'contact@touchfordiffusion.com']]"
PME,ADAY ,69002,LYON 2EME,"Traitement de données, hébergement et activités connexes",www.aday.fr,"[['contact@aday.\u200bfr;', 'contact@aday.fr;', 'contact@\u200baday.fr;', 'contact@aday.fr.Recherches'], ['contact@aday.\u200bfr;'], ['contact@aday.fr;'], ['contact@\u200baday.fr;'], ['contact@aday.fr.']]"
PME,RHONE INVESTISSEMENTS ,69003,LYON 3EME,Programmation informatique,www.rhone-investissements.com,[]
ETI,CEGEDIM SOLUTIONS RESSOURCES HUMAINES CEGEDIM SRH,69003,LYON 3EME,"Traitement de données, hébergement et activités connexes",www.cegedim-srh.com,[['srh-uk@cegedim']]
PME,PRAGM' ,69001,LYON 1ER,Programmation informatique,,[]
PME,BUREAU GESTION INTERNATIONAL BGI,69006,LYON 6EME,"Traitement de données, hébergement et activités connexes",,[]
PME,CARTOGRAPHIE ET DECISION ,69002,LYON 2EME,"Traitement de données, hébergement et activités connexes",,[]
PME,ACMI ,69003,LYON 3EME,Conseil en systèmes et logiciels informatiques,www.acmi.fr,"[['info@acmi.fr.Mentions', 'information@acmi.fr'], ['info@acmi.fr.Mentions'], ['info@acmi.fr.'], ['information@acmi.fr']]"
ETI,AROBAS CONSEIL ,69007,LYON 7EME,Conseil en systèmes et logiciels informatiques,www.arobas-conseil.fr,"[['contact@arobas-conseil.fr.AROBAS'], ['contact@arobas-conseil.fr.']]"
GE,ECONOCOM-OSIATIS INGENIERIE ,69100,VILLEURBANNE,Conseil en systèmes et logiciels informatiques,,[]
PME,ENGINEERING RESEAUX COMMUNICATIONS ERCOM,69003,LYON 3EME,Autres activités de télécommunication,,[]
PME,SETELINF ,69100,VILLEURBANNE,Conseil en systèmes et logiciels informatiques,www.setelinf.com,[['contact@phone-help.com.']]
GE,GFI PROGICIELS ,69003,LYON 3EME,Tierce maintenance de systèmes et d applications informatiques,,[]
GE,GFI PROGICIELS ,69007,LYON 7EME,Tierce maintenance de systèmes et d applications informatiques,,[]
PME,VIDEOTEX CONSEIL DEVELOPPEMENT ,69008,LYON 8EME,Conseil en systèmes et logiciels informatiques,,[]
ETI,T D F TDF,69003,LYON 3EME,Telecommunications sans fil,www.tdf.fr,"[['TDF_collectivites@tdf.fr', 'toits-terrasses@tdf.\u200bfr.TDF', 'Contact_presseTDF@tdf.fr'], ['TDF_collectivites@tdf.fr'], ['toits-terrasses@tdf.\u200bfr.'], ['Contact_presseTDF@tdf.fr']]"
ETI,SOFTWAY MEDICAL SERVICES RIIS,69008,LYON 8EME,Tierce maintenance de systèmes et d applications informatiques,www.softwaymedical.fr,"[['contact@softwaymedical.fr.Contactez', 'contact@softwaymedical.fr.', 'contact@softwaymedical.fr.Téléchargement', 'rgpd@\u200bsoftwaymedical.fr'], ['contact@softwaymedical.fr.'], ['rgpd@\u200bsoftwaymedical.fr']]"
GE,SOCIETE RHODANIENNE D'INFORMATIQUE PERIPHERIQUE RIP-TESSI ,69007,LYON 7EME,"Traitement de données, hébergement et activités connexes",www.societe.com,[]
GE,SOCIETE RHODANIENNE D'INFORMATIQUE PERIPHERIQUE RIP-TESSI ,69007,LYON 7EME,"Traitement de données, hébergement et activités connexes",www.societe.com,[]
GE,SOCIETE FRANCAISE DU RADIOTELEPHONE - SFR SFR,69009,LYON 9EME,Telecommunications sans fil,www.societe.com,[]
GE,SOCIETE FRANCAISE DU RADIOTELEPHONE - SFR SFR,69100,VILLEURBANNE,Telecommunications sans fil,www.societe.com,[]
GE,INFODESCA ,69002,LYON 2EME,Gestion d installations informatiques,,[]
GE,INFODESCA ,69005,LYON 5EME,Gestion d installations informatiques,,[]
PME,C.G.I.S ,69009,LYON 9EME,Programmation informatique,,[]
ETI,INFOTEL CONSEIL ,69009,LYON 9EME,Conseil en systèmes et logiciels informatiques,www.infotel.com,"[['software@infotel.com', 'logiciels@infotel.com.', 'contact@consulting.infotel.com.'], ['software@infotel.com'], ['logiciels@infotel.com.'], ['contact@consulting.infotel.com.']]"
GE,ORANGE BUSINESS SERVICES ,69003,LYON 3EME,Conseil en systèmes et logiciels informatiques,www.orange-business.com,[['obs.francedpo@orange.com.']]
GE,ORANGE BUSINESS SERVICES ,69006,LYON 6EME,Conseil en systèmes et logiciels informatiques,www.orange-business.com,[['obs.francedpo@orange.com.']]
GE,ORANGE BUSINESS SERVICES ,69100,VILLEURBANNE,Conseil en systèmes et logiciels informatiques,www.orange-business.com,[['obs.francedpo@orange.com.']]
PME,JOAONLINE ,69006,LYON 6EME,Autres activités de télécommunication,,[]
ETI,ASTEK ,69007,LYON 7EME,Conseil en systèmes et logiciels informatiques,,[]
ETI,ASTEK ,69003,LYON 3EME,Conseil en systèmes et logiciels informatiques,,[]
GE,ALTEN ,69100,VILLEURBANNE,Conseil en systèmes et logiciels informatiques,www.alten.fr,"[['comfi@alten.fr.Service'], ['comfi@alten.fr.']]"
GE,ALTEN ,69100,VILLEURBANNE,Conseil en systèmes et logiciels informatiques,www.alten.fr,"[['comfi@alten.fr.Service'], ['comfi@alten.fr.']]"
ETI,CISCO SYSTEMS FRANCE ,69003,LYON 3EME,Conseil en systèmes et logiciels informatiques,www.cisco.com,[['sbsc-japan-enduser@cisco.com']]
PME,EPSILYON ,69003,LYON 3EME,Conseil en systèmes et logiciels informatiques,www.epsilyon.fr,"[['contact@lyon-entreprises.\u200bcom', 'contact@epsilon-informatique.fr.'], ['contact@lyon-entreprises.\u200bcom'], ['contact@epsilon-informatique.fr.']]"
ETI,CEGEDIM ,69003,LYON 3EME,"Traitement de données, hébergement et activités connexes",www.cegedim.fr,"[['aude.balleydier@cegedim.fr.', 'aude.balleydier@cegedim.\u200bfr', 'cnil@\u200bcegedim.fr', 'aude.balleydier@cegedim.frContacts'], ['aude.balleydier@cegedim.fr.'], ['aude.balleydier@cegedim.\u200bfr'], ['cnil@\u200bcegedim.fr'], ['aude.balleydier@cegedim.fr']]"
PME,DEVELOP INFORMAT APPLIQ GESTION SCIENTIF DIAGS,69100,VILLEURBANNE,Programmation informatique,,[]
PME,E.F. GESTION ,69003,LYON 3EME,"Traitement de données, hébergement et activités connexes",,[]
ETI,PRODWARE SA ,69100,VILLEURBANNE,Tierce maintenance de systèmes et d applications informatiques,www.prodwaregroup.com,[]
PME,MEGASOFT RHONE ALPES ,69100,VILLEURBANNE,Conseil en systèmes et logiciels informatiques,,[]
GE,AUSY ,69007,LYON 7EME,Conseil en systèmes et logiciels informatiques,www.ausy.fr,"[['supportweb@ausy.com', 'communication@ausy.com', 'investors@ausy.com', 'sales@ausy.\u200bcom']]"
GE,MODIS FRANCE ,69006,LYON 6EME,Programmation informatique,www.modisfrance.fr,"[['contact@modis.com.', 'camille.dufourd@modisfrance.frRecherches'], ['contact@modis.com.'], ['camille.dufourd@modisfrance.fr']]"
GE,MODIS FRANCE ,69006,LYON 6EME,Programmation informatique,www.modisfrance.fr,"[['contact@modis.com.', 'camille.dufourd@modisfrance.frRecherches'], ['contact@modis.com.'], ['camille.dufourd@modisfrance.fr']]"
GE,MODIS FRANCE ,69100,VILLEURBANNE,Programmation informatique,www.modisfrance.fr,"[['contact@modis.com.', 'camille.dufourd@modisfrance.frRecherches'], ['contact@modis.com.'], ['camille.dufourd@modisfrance.fr']]"
GE,MODIS FRANCE ,69100,VILLEURBANNE,Programmation informatique,www.modisfrance.fr,"[['contact@modis.com.', 'camille.dufourd@modisfrance.frRecherches'], ['contact@modis.com.'], ['camille.dufourd@modisfrance.fr']]"
PME,C3RB INFORMATIQUE ,69006,LYON 6EME,Tierce maintenance de systèmes et d applications informatiques,www.c3rb.com,"[['orphee@c3rb.fr;', 'support@orpheemedia.fr.', 'support@orpheemedia.fr'], ['orphee@c3rb.fr;'], ['support@orpheemedia.fr.'], ['support@orpheemedia.fr']]"
ETI,SQLI ,69009,LYON 9EME,Conseil en systèmes et logiciels informatiques,www.sqli.com,[]
ETI,WAVESTONE ,69100,VILLEURBANNE,Conseil en systèmes et logiciels informatiques,www.wavestone.com,[['contact@alterway.fr.']]
PME,BATITHEQUE ,69002,LYON 2EME,"Traitement de données, hébergement et activités connexes",,[]
ETI,GROUPAGORA SCA,69002,LYON 2EME,Conseil en systèmes et logiciels informatiques,,[]
PME,CTS COMPUTERS AND TELECOMMUNICATIONS SYSTEMS CTS,69100,VILLEURBANNE,Telecommunications filaires,,[]
ETI,SMILE ,69100,VILLEURBANNE,Programmation informatique,www.smile.eu,[['contact@smile.fr']]
GE,WORLDLINE ,69100,VILLEURBANNE,"Traitement de données, hébergement et activités connexes",,[]
PME,NOVAXIOM DEVELOPPEMENT ,69100,VILLEURBANNE,Conseil en systèmes et logiciels informatiques,www.novaxiom.fr,"[['contact@novaxiom.fr', 'Contact@\u200bnovaxiom.fr.Recherches', 'Contact@novaxiom.fr', 'Contact@novaxiom.fr,'], ['contact@novaxiom.fr'], ['Contact@\u200bnovaxiom.fr.'], ['Contact@novaxiom.fr', 'Contact@novaxiom.fr,'], ['Contact@novaxiom.fr'], ['Contact@novaxiom.fr,']]"
GE,SERVICES LOGICIELS D'INTEGRATION BOURSIERE - SLIB SLIB,69003,LYON 3EME,Conseil en systèmes et logiciels informatiques,,[]
GE,ORANGE ,69003,LYON 3EME,Telecommunications filaires,www.orange.fr,"[['maison.neuve@orange-business.fr.Contactez-nous'], ['maison.neuve@orange-business.fr.']]"
GE,ORANGE ,69008,LYON 8EME,Telecommunications filaires,www.orange.fr,"[['maison.neuve@orange-business.fr.Contactez-nous'], ['maison.neuve@orange-business.fr.']]"
GE,ORANGE ,69003,LYON 3EME,Telecommunications filaires,www.orange.fr,"[['maison.neuve@orange-business.fr.Contactez-nous'], ['maison.neuve@orange-business.fr.']]"
GE,ORANGE ,69006,LYON 6EME,Telecommunications filaires,www.orange.fr,"[['maison.neuve@orange-business.fr.Contactez-nous', '<mdauto@orange.fr>Comment'], ['maison.neuve@orange-business.fr.'], ['<mdauto@orange.fr>']]"
GE,ORANGE ,69002,LYON 2EME,Telecommunications filaires,www.orange.fr,"[['maison.neuve@orange-business.fr.Contactez-nous'], ['maison.neuve@orange-business.fr.']]"
GE,ORANGE ,69100,VILLEURBANNE,Telecommunications filaires,www.orange.fr,"[['maison.neuve@orange-business.fr.Contactez-nous'], ['maison.neuve@orange-business.fr.']]"
GE,ORANGE ,69004,LYON 4EME,Telecommunications filaires,www.orange.fr,"[['maison.neuve@orange-business.fr.Contactez-nous'], ['maison.neuve@orange-business.fr.']]"
GE,ORANGE ,69007,LYON 7EME,Telecommunications filaires,www.orange.fr,"[['maison.neuve@orange-business.fr.Contactez-nous', '<mdauto@orange.fr>Comment'], ['maison.neuve@orange-business.fr.'], ['<mdauto@orange.fr>']]"
GE,ORANGE ,69003,LYON 3EME,Telecommunications filaires,www.orange.fr,"[['maison.neuve@orange-business.fr.Contactez-nous'], ['maison.neuve@orange-business.fr.']]"
GE,ORANGE ,69003,LYON 3EME,Telecommunications filaires,www.orange.fr,"[['maison.neuve@orange-business.fr.Contactez-nous'], ['maison.neuve@orange-business.fr.']]"
GE,ORANGE ,69003,LYON 3EME,Telecommunications filaires,www.orange.fr,"[['maison.neuve@orange-business.fr.Contactez-nous'], ['maison.neuve@orange-business.fr.']]"
GE,ORANGE ,69003,LYON 3EME,Telecommunications filaires,www.orange.fr,"[['maison.neuve@orange-business.fr.Contactez-nous'], ['maison.neuve@orange-business.fr.']]"
GE,ORANGE ,69009,LYON 9EME,Telecommunications filaires,www.orange.fr,"[['maison.neuve@orange-business.fr.Recherches'], ['maison.neuve@orange-business.fr.']]"
GE,ORANGE ,69005,LYON 5EME,Telecommunications filaires,www.orange.fr,"[['maison.neuve@orange-business.fr.Contactez-nous'], ['maison.neuve@orange-business.fr.']]"
GE,ORANGE ,69005,LYON 5EME,Telecommunications filaires,www.orange.fr,"[['maison.neuve@orange-business.fr.Contactez-nous'], ['maison.neuve@orange-business.fr.']]"
GE,ORANGE ,69002,LYON 2EME,Telecommunications filaires,www.orange.fr,"[['maison.neuve@orange-business.fr.Contactez-nous', '<mdauto@orange.fr>Joindre'], ['maison.neuve@orange-business.fr.'], ['<mdauto@orange.fr>']]"
GE,ORANGE ,69002,LYON 2EME,Telecommunications filaires,www.orange.fr,"[['maison.neuve@orange-business.fr.Contactez-nous'], ['maison.neuve@orange-business.fr.']]"
GE,ORANGE ,69003,LYON 3EME,Telecommunications filaires,www.orange.fr,"[['maison.neuve@orange-business.fr.Contactez-nous'], ['maison.neuve@orange-business.fr.']]"
GE,ORANGE ,69002,LYON 2EME,Telecommunications filaires,www.orange.fr,"[['maison.neuve@orange-business.fr.Contactez-nous'], ['maison.neuve@orange-business.fr.']]"
GE,ORANGE ,69002,LYON 2EME,Telecommunications filaires,www.orange.fr,"[['maison.neuve@orange-business.fr.Contactez-nous'], ['maison.neuve@orange-business.fr.']]"
GE,ORANGE ,69003,LYON 3EME,Telecommunications filaires,www.orange.fr,"[['maison.neuve@orange-business.fr.Contactez-nous', '<mdauto@orange.fr>Comment'], ['maison.neuve@orange-business.fr.'], ['<mdauto@orange.fr>']]"
GE,ORANGE ,69003,LYON 3EME,Telecommunications filaires,www.orange.fr,"[['maison.neuve@orange-business.fr.Contactez-nous'], ['maison.neuve@orange-business.fr.']]"
GE,ORANGE ,69003,LYON 3EME,Telecommunications filaires,www.orange.fr,"[['maison.neuve@orange-business.fr.Contactez-nous'], ['maison.neuve@orange-business.fr.']]"
PME,MISS INFORMATIQUE MISSION INFORMATIQUE ,69007,LYON 7EME,"Traitement de données, hébergement et activités connexes",,[]
GE,EURO INFORMATION DEVELOPPEMENTS EID,69001,LYON 1ER,Programmation informatique,,[]
GE,TESSI PAIEMENTS SERVICES ,69007,LYON 7EME,"Traitement de données, hébergement et activités connexes",www.tessi.eu,[]
PME,UNION TECHNOLOGIES INFORMATIQUE UTIGROUP RHONE ALPES,69006,LYON 6EME,Conseil en systèmes et logiciels informatiques,,[]
ETI,OPEN ,69100,VILLEURBANNE,Conseil en systèmes et logiciels informatiques,www.open.global,[['communication@open-groupe.com.']]
PME,APITECH ,69009,LYON 9EME,Programmation informatique,www.apitech-solution.com,[['contact@viaevista.fr\u200b']]
ETI,SOLUTEC ,69100,VILLEURBANNE,Conseil en systèmes et logiciels informatiques,www.solutec.fr,[['solutec@solutec.fr.']]
ETI,HELPLINE ,69007,LYON 7EME,Gestion d installations informatiques,www.helpline.fr,"[['recrut@helpline.fr.FAQ'], ['recrut@helpline.fr.']]"
GE,TESSI TECHNOLOGIES ,69007,LYON 7EME,Conseil en systèmes et logiciels informatiques,www.tessi.eu,[]
GE,TESSI TECHNOLOGIES ,69007,LYON 7EME,Conseil en systèmes et logiciels informatiques,www.tessi.eu,[]
PME,ACTION COMMUNICATION FILIERE ELECTRIQUE ,69100,VILLEURBANNE,"Traitement de données, hébergement et activités connexes",,[]
PME,OPTIMMO ,69009,LYON 9EME,Programmation informatique,www.optimmo.fr,"[['support@optimmo.fr', 'info@optimmo.frNos', 'info@optimmo.fr.', 'contact@optimmo-gestion.fr', 'jmc@optimmo971.com;'], ['support@optimmo.fr'], ['info@optimmo.fr'], ['info@optimmo.fr.'], ['contact@optimmo-gestion.fr'], ['jmc@optimmo971.com;']]"
ETI,PARTENOR ,69003,LYON 3EME,Conseil en systèmes et logiciels informatiques,www.partenorgroup.com,"[['communication@partenorgroup', 'contact@partenorgroup.com', 'contact@partenordigital.com', 'recrutement@\u200bpartenorgroup.com.PARTENOR', 'contact@partenordigital.com.'], ['communication@partenorgroup'], ['contact@partenorgroup.com'], ['contact@partenordigital.com'], ['recrutement@\u200bpartenorgroup.com.'], ['contact@partenordigital.com.']]"
PME,JYC INFORMATIQUE ,69003,LYON 3EME,"Traitement de données, hébergement et activités connexes",,[]
PME,JYC INFORMATIQUE ,69003,LYON 3EME,"Traitement de données, hébergement et activités connexes",,[]
GE,TESSI DIGITAL SERVICES ,69007,LYON 7EME,Conseil en systèmes et logiciels informatiques,www.tessi.eu,[]
PME,ARAWAK ,69100,VILLEURBANNE,Conseil en systèmes et logiciels informatiques,www.arawak.fr,"[['contact@arawak.fr\u200b', 'contact@arawak.fr', 'contact@arawak.fr.Recherches', 'contact@arawak.fr.Gestion', 'contact@arawak.fr.'], ['contact@arawak.fr\u200b'], ['contact@arawak.fr'], ['contact@arawak.fr.']]"
ETI,SOFT MAINT SA ,69002,LYON 2EME,Conseil en systèmes et logiciels informatiques,,[]
PME,GBI ,69003,LYON 3EME,Conseil en systèmes et logiciels informatiques,www.gbi-com.fr,[]
PME,COMPTA INFORMATIQUE SERVICES ,69100,VILLEURBANNE,"Traitement de données, hébergement et activités connexes",www.compta-online.com,[[]]
GE,GFI INFORMATIQUE ,69005,LYON 5EME,Conseil en systèmes et logiciels informatiques,,[]
ETI,CELAD ,69009,LYON 9EME,Conseil en systèmes et logiciels informatiques,www.celad.com,"[['contact@celad.com.', 'contact@celad.com', 'info-us@celad.com', 'celad-hrus@celad.com.'], ['contact@celad.com.'], ['contact@celad.com'], ['info-us@celad.com', 'celad-hrus@celad.com.']]"
PME,SCES ETUDES REALIS INSTAL AGENCEM LYONNA SERIAL,69001,LYON 1ER,Conseil en systèmes et logiciels informatiques,,[]
PME,PILOT INFORMATION SYSTEM ,69009,LYON 9EME,Conseil en systèmes et logiciels informatiques,,[]
PME,INIT 5 ,69003,LYON 3EME,Programmation informatique,www.init5.fr,"[['arnaud@init5.fr', 'contact@lesphinx-developpement.fr.'], ['arnaud@init5.fr'], ['contact@lesphinx-developpement.fr.']]"
PME,K-LOGIC ,69004,LYON 4EME,Programmation informatique,,[]
PME,GREF ,69006,LYON 6EME,Programmation informatique,www.gref-bretagne.com,[]
PME,CORUS ,69100,VILLEURBANNE,"Traitement de données, hébergement et activités connexes",www.corus.fr,[]
PME,DM CONSULTANTS ,69004,LYON 4EME,Conseil en systèmes et logiciels informatiques,www.dmconsultants.fr,"[['contact@dmconsultants.frDM', 'contactcontact@dmconsultants.eu', 'info@atdo.fr.', 'dmconsultants@orange.fr.'], ['contact@dmconsultants.fr'], ['contactcontact@dmconsultants.eu'], ['contact@dmconsultants.eu'], ['info@atdo.fr.'], ['dmconsultants@orange.fr.']]"
PME,TSI INFORMATIQUE ,69100,VILLEURBANNE,Conseil en systèmes et logiciels informatiques,www.tsi-informatique.fr,"[['contact@tsi-informatique.fr.', 'contact@tsi-informatique.fr.TSI'], ['contact@tsi-informatique.fr.']]"
ETI,TRSB DIGIWIN ,69003,LYON 3EME,Conseil en systèmes et logiciels informatiques,www.trsb.net,"[['accueil.hoche@trsb.net', 'dpo@trsb.net.TRSb'], ['accueil.hoche@trsb.net'], ['dpo@trsb.net.']]"
GE,FIDUCIAL FR ,69009,LYON 9EME,Conseil en systèmes et logiciels informatiques,www.fiducial.fr,[]
PME,ON-X GROUPE ,69003,LYON 3EME,Conseil en systèmes et logiciels informatiques,www.on-x.com,"[['contact@on-x.com.', 'contact@on-x.com.Clients'], ['contact@on-x.com.']]"
PME,INFORMATIQUE ET LOGISTIQUE CONSEIL ,69007,LYON 7EME,Conseil en systèmes et logiciels informatiques,,[]
PME,DEVELOPPEMENT CONCEPT INFORMAT TELEMAT DECITEL,69007,LYON 7EME,Programmation informatique,,[]
PME,INTERPEC FRANCE ,69003,LYON 3EME,Programmation informatique,www.interpec-france.com,[]
PME,INFOCOSME ,69006,LYON 6EME,Programmation informatique,www.infocosme.com,"[['contacts@infocosme.com.', 'contact@lyon-entreprises.\u200bcom', 'contacts@infocosme.com'], ['contacts@infocosme.com.'], ['contact@lyon-entreprises.\u200bcom'], ['contacts@infocosme.com']]"
PME,LMBA ,69003,LYON 3EME,Programmation informatique,www.lmba-math.fr,"[['secretariat-ubo@lmba-\u200bmath.fr', 'secretariat-ubo@lmba-math.fr>.', '<secretariat-ubo@lmba-\u200bmath.fr>.', 'Nom@univ-ubs.fr', 'contact\u200b@agence-maths-entreprises.fr', 'quansheng.liu@univ-ubs.fr.'], ['secretariat-ubo@lmba-\u200bmath.fr', 'secretariat-ubo@lmba-math.fr>.'], ['<secretariat-ubo@lmba-\u200bmath.fr>.'], ['Nom@univ-ubs.fr'], ['contact\u200b@agence-maths-entreprises.fr'], ['quansheng.liu@univ-ubs.fr.']]"
PME,AXDANE ,69007,LYON 7EME,Conseil en systèmes et logiciels informatiques,,[]
ETI,M.A.T.I. LAN ,69003,LYON 3EME,Gestion d installations informatiques,,[]
ETI,CS GROUP - FRANCE ,69006,LYON 6EME,Conseil en systèmes et logiciels informatiques,www.cs-recrute.fr,"[['communication.cs@c-s.fr.Pascale'], ['communication.cs@c-s.fr.']]"
ETI,CS GROUP - FRANCE ,69007,LYON 7EME,Conseil en systèmes et logiciels informatiques,www.cs-recrute.fr,"[['communication.cs@c-s.fr.', 'communication.cs@c-s.fr.EDF'], ['communication.cs@c-s.fr.']]"
ETI,SN ACI ,69009,LYON 9EME,Gestion d installations informatiques,,[]
PME,IDS ,69001,LYON 1ER,Programmation informatique,www.ids-france.net,"[['ids.sa@idsfrance.\u200bcom.Caillebotis', 'id-groupids@ids-france.net'], ['ids.sa@idsfrance.\u200bcom.'], ['id-groupids@ids-france.net'], ['ids@ids-france.net']]"
GE,EXPERIS FRANCE ,69003,LYON 3EME,Gestion d installations informatiques,www.experis-executive.fr,"[['contact@experis-executive.fr.CGU', 'contact@experis-\u200bexecutive.fr.', 'recrutement@experis-executive\u200b.fr', 'hello@dream-theme.com;'], ['contact@experis-executive.fr.'], ['contact@experis-\u200bexecutive.fr.'], ['recrutement@experis-executive\u200b.fr'], ['hello@dream-theme.com;']]"
PME,ASSOCIATION CLUB INFOGRAMES ,69100,VILLEURBANNE,Conseil en systèmes et logiciels informatiques,,[]
GE,BOUYGUES TELECOM ,69003,LYON 3EME,Telecommunications sans fil,www.bouyguestelecom.fr,[]
GE,BOUYGUES TELECOM ,69003,LYON 3EME,Telecommunications sans fil,www.bouyguestelecom.fr,[]
ETI,EI-TECHNOLOGIES FRANCE ,69002,LYON 2EME,Conseil en systèmes et logiciels informatiques,www.ei-technologies.com,"[['contact@ei-technologies\u200b.com.Conseil', 'contact@ei-technologies.com.Business'], ['contact@ei-technologies\u200b.com.'], ['contact@ei-technologies.com.']]"
PME,AIGA ,69009,LYON 9EME,Tierce maintenance de systèmes et d applications informatiques,www.aiga.fr,"[['aiga@aiga.fr', 'aiga@aiga.fr.Espace'], ['aiga@aiga.fr'], ['aiga@aiga.fr.']]"
ETI,NORSYS SAS ,69003,LYON 3EME,Conseil en systèmes et logiciels informatiques,www.norsys.fr,"[['rgpd@norsys.fr;', 'direction_nrn@norsys.fr.', 'mbuinet@norsys.fr.', 'Direction_nrse@norsys.fr.', 'Direction_npif@norsys.fr.', 'directionncl@norsys.fr.', 'directionnrca@norsys.fr.les'], ['rgpd@norsys.fr;'], ['direction_nrn@norsys.fr.'], ['mbuinet@norsys.fr.'], ['Direction_nrse@norsys.fr.'], ['Direction_npif@norsys.fr.'], ['directionncl@norsys.fr.'], ['directionnrca@norsys.fr.']]"
ETI,VERIZON FRANCE ,69100,VILLEURBANNE,Telecommunications filaires,www.verizonconnect.com,[]
PME,CTRE ETUDES DEVELOP INFORMATIQ BATIMENT CEDIB,69003,LYON 3EME,Conseil en systèmes et logiciels informatiques,,[]
PME,VATIS ,69009,LYON 9EME,Conseil en systèmes et logiciels informatiques,,[]
ETI,ASTEK PROJETS ET OFFRES ,69007,LYON 7EME,Conseil en systèmes et logiciels informatiques,,[]
PME,SG CONSULT ,69003,LYON 3EME,Conseil en systèmes et logiciels informatiques,www.sg-consult.com,"[['contact@sg-consult.com\u200b', 'contact@sg-consult.com', 'contact@sg-consult.com.'], ['contact@sg-consult.com\u200b'], ['contact@sg-consult.com'], ['contact@sg-consult.com.']]"
PME,GAIA MINI SYSTEMES ,69009,LYON 9EME,Conseil en systèmes et logiciels informatiques,www.gaia.fr,"[['(gaia.bio@gmail.com),', 'reservation@gaia-voyages.\u200bfr', 'francaisinfo@gaiaGaia'], ['(gaia.bio@gmail.com),'], ['reservation@gaia-voyages.\u200bfr'], ['francaisinfo@gaiaGaia'], ['info@gaia']]"
PME,AGID ,69006,LYON 6EME,"Traitement de données, hébergement et activités connexes",www.agid.fr,[]
ETI,KEYRUS ,69004,LYON 4EME,Gestion d installations informatiques,www.keyrus.com,"[['contact-keyrus@keyrus.com.', 'contact-km@keyrus.com.', 'contact@fondationkeyrus.org', 'valerie.sable@keyrus.com.'], ['contact-keyrus@keyrus.com.'], ['contact-km@keyrus.com.'], ['contact@fondationkeyrus.org'], ['valerie.sable@keyrus.com.']]"
ETI,KEYRUS ,69009,LYON 9EME,Gestion d installations informatiques,www.keyrus.com,"[['contact-keyrus@keyrus.com.', 'contact-km@keyrus.com.', 'contact@fondationkeyrus.org', 'valerie.sable@keyrus.com.'], ['contact-keyrus@keyrus.com.'], ['contact-km@keyrus.com.'], ['contact@fondationkeyrus.org'], ['valerie.sable@keyrus.com.']]"
GE,SFR FIBRE SAS ,69006,LYON 6EME,Telecommunications filaires,,[]
PME,ADVANCED HOSPITALITY MANAGEMENT SYSTEM AHMS,69006,LYON 6EME,Programmation informatique,,[]
PME,NET WORKS OFFICE ,69003,LYON 3EME,Conseil en systèmes et logiciels informatiques,,[]
PME,ACTIBASE ,69009,LYON 9EME,Programmation informatique,,[]
PME,CHIPWAY ,69003,LYON 3EME,Conseil en systèmes et logiciels informatiques,,[]
PME,MERCURE ,69003,LYON 3EME,Conseil en systèmes et logiciels informatiques,,[]
ETI,COLT TECHNOLOGY SERVICES ,69003,LYON 3EME,Telecommunications filaires,www.colt.net,[['gdpr@colt.net']]
PME,GEOMOD ,69003,LYON 3EME,Programmation informatique,www.geomod.fr,[]
PME,TERCET INTERACTIVE FINANCE ,69006,LYON 6EME,Programmation informatique,,[]
ETI,DEVOTEAM ,69003,LYON 3EME,Conseil en systèmes et logiciels informatiques,www.devoteam.com,"[['sheila.escuredo@devoteam.com;', 'jeanyves.demandre.ext@devoteam.com;', 'drhconsulting@devoteam.com']]"
PME,ENTREPRISE DE PRESTATIONS INFORMATIQUES ,69003,LYON 3EME,Conseil en systèmes et logiciels informatiques,,[]
PME,VIRAGE DAUPHINE SAVOIE ,69002,LYON 2EME,Telecommunications filaires,,[]
ETI,UMANIS ,69009,LYON 9EME,Conseil en systèmes et logiciels informatiques,www.umanis.com,[]
GE,XPO TRANSPORT SOLUTIONS IT EUROPE ,69006,LYON 6EME,Conseil en systèmes et logiciels informatiques,,[]
GE,XPO TRANSPORT SOLUTIONS IT EUROPE ,69003,LYON 3EME,Conseil en systèmes et logiciels informatiques,,[]
PME,CREARTIS CD PROD ,69003,LYON 3EME,Conseil en systèmes et logiciels informatiques,,[]
PME,AGADENT ,69002,LYON 2EME,"Traitement de données, hébergement et activités connexes",www.agadent.pl,[['contact@agendaa2.fr.']]
PME,POWER ,69006,LYON 6EME,Conseil en systèmes et logiciels informatiques,,[]
PME,WEBNET ,69003,LYON 3EME,Conseil en systèmes et logiciels informatiques,www.webnet.fr,"[['cfelix@webnet.fr.', 'sbloquiau@webnet.fr.Intégrateur'], ['cfelix@webnet.fr.'], ['sbloquiau@webnet.fr.']]"
PME,STRATEGIES INTERACTIVES ,69001,LYON 1ER,Programmation informatique,,[]
PME,DIGORA ,69002,LYON 2EME,Gestion d installations informatiques,www.digora.com,[['reda.belhadj@digora.com.']]
PME,RELAVE ET FANNIERE REF,69003,LYON 3EME,Conseil en systèmes et logiciels informatiques,,[]
ETI,ALTECA ,69006,LYON 6EME,Programmation informatique,www.alteca.fr,"[['grenoble@alteca.fr', 'lyon@\u200balteca.fr', 'paris@alteca.fr'], ['grenoble@alteca.fr'], ['lyon@\u200balteca.fr'], ['paris@alteca.fr']]"
ETI,ALTECA ,69006,LYON 6EME,Programmation informatique,www.alteca.fr,"[['grenoble@alteca.fr', 'lyon@\u200balteca.fr', 'paris@alteca.fr'], ['grenoble@alteca.fr'], ['lyon@\u200balteca.fr'], ['paris@alteca.fr']]"
ETI,ALTECA ,69100,VILLEURBANNE,Programmation informatique,www.alteca.fr,"[['grenoble@alteca.fr', 'lyon@\u200balteca.fr', 'paris@alteca.fr'], ['grenoble@alteca.fr'], ['lyon@\u200balteca.fr'], ['paris@alteca.fr']]"
ETI,ITS GROUP ,69003,LYON 3EME,Conseil en systèmes et logiciels informatiques,www.itsgroup.com,"[['contact@itsgroup.\u200bcom.', 'actualitescontact@itsgroup.com', 'carrierescontact@itsgroup.com', 'Sociétécontact@itsgroup.com'], ['contact@itsgroup.\u200bcom.'], ['actualitescontact@itsgroup.com'], ['contact@itsgroup.com'], ['carrierescontact@itsgroup.com'], ['Sociétécontact@itsgroup.com']]"
ETI,ITS GROUP ,69003,LYON 3EME,Conseil en systèmes et logiciels informatiques,www.itsgroup.com,"[['contact@itsgroup.\u200bcom.', 'actualitescontact@itsgroup.com', 'carrierescontact@itsgroup.com', 'Sociétécontact@itsgroup.com'], ['contact@itsgroup.\u200bcom.'], ['actualitescontact@itsgroup.com'], ['contact@itsgroup.com'], ['carrierescontact@itsgroup.com'], ['Sociétécontact@itsgroup.com']]"
PME,AMMIS ,69004,LYON 4EME,Programmation informatique,,[]
PME,LAMALIF ,69009,LYON 9EME,Programmation informatique,www.lamalifgroup.ma,"[['contact@\u200b', 'contact@lamalif.ma', 'contact@maroc-diplomatique.infoRecherches'], ['contact@\u200b'], ['contact@lamalif.ma'], ['contact@maroc-diplomatique.info']]"
PME,TECHNIQUES ET SERVICE UNLIMITED TSU,69009,LYON 9EME,Conseil en systèmes et logiciels informatiques,,[]
GE,TDC TESSI ,69007,LYON 7EME,"Traitement de données, hébergement et activités connexes",,[]
PME,OBJECT CONSULTAING INSTITUTE ,69006,LYON 6EME,Conseil en systèmes et logiciels informatiques,,[]
GE,ATOS INTEGRATION ,69100,VILLEURBANNE,Conseil en systèmes et logiciels informatiques,,[]
PME,M-TECH INDUSTRIES ,69100,VILLEURBANNE,Programmation informatique,,[]
PME,DATAKIT ,69007,LYON 7EME,Programmation informatique,www.datakit.com,[['contact@datakit.com.']]
PME,ARINSO FRANCE ,69003,LYON 3EME,Tierce maintenance de systèmes et d applications informatiques,,[]
PME,ARICIE ,69007,LYON 7EME,Conseil en systèmes et logiciels informatiques,,[]
PME,MODELISATION DESIGN ET SIMULATION ,69003,LYON 3EME,Programmation informatique,,[]
PME,AUDIVOX ,69007,LYON 7EME,Programmation informatique,www.audivox.fr,[]
PME,IDAO ,69007,LYON 7EME,Conseil en systèmes et logiciels informatiques,www.idao-solution.fr,"[['commercial@idao.fr.Par', 'commercial@idao\u200b.fr'], ['commercial@idao.fr.Par'], ['commercial@idao.fr.'], ['commercial@idao\u200b.fr']]"
GE,ALTIMA ,69100,VILLEURBANNE,Conseil en systèmes et logiciels informatiques,www.altima-assurances.fr,"[['reclamation@altima-\u200bassurances.fr.mentions', 'informatique@altima-assurances.\u200bfr', 'gestion-sinistres@altima-assurances.fr.'], ['reclamation@altima-\u200bassurances.fr.'], ['informatique@altima-assurances.\u200bfr'], ['gestion-sinistres@altima-assurances.fr.']]"
PME,EXPERIUM NAX NAX,69002,LYON 2EME,Conseil en systèmes et logiciels informatiques,www.experium-nax.com,"[['tdevanne@experium-nax.com', 'cdebeney@experium-nax.com', 'tdevanne@experium-nax.com.'], ['tdevanne@experium-nax.com'], ['cdebeney@experium-nax.com'], ['tdevanne@experium-nax.com.']]"
PME,DESIRADE ,69007,LYON 7EME,Programmation informatique,,[]
PME,STUDIO NET ,69003,LYON 3EME,Conseil en systèmes et logiciels informatiques,www.studio-net.fr,"[['studionet-rouen-@www.studionet.fr', 'communication@lefresnoy.net.Contact', 'studio\u200b@netcom-group.fr', 'service-commercial@netcom-group.fr.'], ['studionet-rouen-@www.studionet.fr'], [], ['communication@lefresnoy.net.'], ['studio\u200b@netcom-group.fr', 'service-commercial@netcom-group.fr.']]"
PME,GRM ,69002,LYON 2EME,"Traitement de données, hébergement et activités connexes",,[]
PME,SOCIETE COMMERCIALE DE TELECOMMUNICATION SCT SCT,69002,LYON 2EME,Telecommunications sans fil,www.societe.com,[]
PME,BERRODIER P@CKLINE ,69006,LYON 6EME,Programmation informatique,,[]
PME,JM PHOTO LUMIERE ,69009,LYON 9EME,Conseil en systèmes et logiciels informatiques,www.jmphotolumiere.com,[]
PME,AGS COM ,69009,LYON 9EME,Programmation informatique,www.ags-garantie-salaires.org,[]
ETI,DEDALUS HEALTHCARE FRANCE ,69003,LYON 3EME,Tierce maintenance de systèmes et d applications informatiques,www.dedalus-france.fr,"[['marketing@dedalus-france.fr', 'dpo@dedalus-france.fr', 'logiciel@dlsante.fr;', 'connexion@dlsante.fr;', 'tiers@dlsante.fr'], ['marketing@dedalus-france.fr'], ['dpo@dedalus-france.fr'], ['logiciel@dlsante.fr;', 'connexion@dlsante.fr;', 'tiers@dlsante.fr']]"
PME,CENTRE D'INSCRIPTION AU REPERTOIRE NATIONAL DES SOUSCRIPTEURS CIRNS,69005,LYON 5EME,"Traitement de données, hébergement et activités connexes",,[]
ETI,MAINCARE SOLUTIONS ,69009,LYON 9EME,Conseil en systèmes et logiciels informatiques,www.maincare.com,[]
PME,POSTMARQUAGE ORGANISATION ,69007,LYON 7EME,"Traitement de données, hébergement et activités connexes",,[]
PME,EPERNET ,69003,LYON 3EME,Programmation informatique,www.epernet.fr,"[['contact@ville-\u200bepernay.fr(link', 'tourisme@ot-epernay.frContact'], ['contact@ville-\u200bepernay.fr(link'], ['tourisme@ot-epernay.fr']]"
PME,PWA ,69002,LYON 2EME,Conseil en systèmes et logiciels informatiques,,[]
PME,W3DESIGN ,69007,LYON 7EME,Programmation informatique,www.w3design.it,"[['info@w3designgroup.com', 'info@w3design.it.W3design'], ['info@w3designgroup.com'], ['info@w3design.it.']]"
ETI,VIVERIS INTEGRATION ,69100,VILLEURBANNE,Conseil en systèmes et logiciels informatiques,www.viveris.fr,"[['franck.harmant@\u200bviveris.fr.VIVERIS', 'contact@viveris.fr'], ['franck.harmant@\u200bviveris.fr.'], ['contact@viveris.fr']]"
PME,ABAQUE ,69003,LYON 3EME,Portails Internet,,[]
PME,INTELECOM CONSULTING ,69003,LYON 3EME,Conseil en systèmes et logiciels informatiques,www.intelecom-consulting.com,"[['consultant@intelecom-consulting.com.', 'consultant@intelecom-consulting.com.Conseil'], ['consultant@intelecom-consulting.com.']]"
PME,ALTERNET ,69001,LYON 1ER,Conseil en systèmes et logiciels informatiques,www.alternet-consulting.com,"[['contact@alternet-consulting.com.', 'contact@alternet-consulting.com.Plan', 'contact@alternet-consulting.com.Postuler', ""contact@alternet-consulting.com.L'ingénierie""], ['contact@alternet-consulting.com.']]"
PME,LIBELLULA ,69100,VILLEURBANNE,Conseil en systèmes et logiciels informatiques,www.libellula.eu,"[['contact@libellula.eu', 'contact.de@libellula.eu', 'contact.es@libellula.eu', 'contact@libellula.eu.JobSHOP'], ['contact@libellula.eu'], ['contact.de@libellula.eu'], ['contact.es@libellula.eu'], ['contact@libellula.eu.']]"
ETI,SITA TELECOM ,69002,LYON 2EME,Autres activités de télécommunication,www.sita.aero,"[['shareholder.relations@sita.aeroSupport', 'support@sita.aero.', 'worldwide@sita.aero.Société'], ['shareholder.relations@sita.aero'], ['support@sita.aero.'], ['worldwide@sita.aero.']]"
PME,YAD INFORMATIQUE ,69100,VILLEURBANNE,Conseil en systèmes et logiciels informatiques,www.yad.fr,"[[""to='yves@yad.fr'"", 'carole@yad.fr'], [""to='yves@yad.fr'""], ['carole@yad.fr']]"
GE,COMPLETEL SAS ,69100,VILLEURBANNE,Telecommunications filaires,,[]
GE,COMPLETEL SAS ,69009,LYON 9EME,Telecommunications filaires,,[]
GE,COMPLETEL SAS ,69007,LYON 7EME,Telecommunications filaires,,[]
ETI,CONSORT FRANCE ,69001,LYON 1ER,Gestion d installations informatiques,www.consortnt.fr,"[['contact@consort-\u200bgroup.com.', 'contact@consortnt.fr', 'jason.guez@consortnt.frRecherches'], ['contact@consort-\u200bgroup.com.'], ['contact@consortnt.fr'], ['jason.guez@consortnt.fr']]"
PME,COACH'IS ,69009,LYON 9EME,Conseil en systèmes et logiciels informatiques,,[]
PME,SOLUTIONS INFORMATIQUES BTP ,69100,VILLEURBANNE,Tierce maintenance de systèmes et d applications informatiques,www.solutions-informatiques.fr,"[['info@\u200bsibq.fr.Comment', 'info@solutions-\u200binformatiques.fr', 'support@soluinfo.fr'], ['info@\u200bsibq.fr.'], ['info@solutions-\u200binformatiques.fr'], ['support@soluinfo.fr']]"
PME,KOSMOS ,69002,LYON 2EME,Tierce maintenance de systèmes et d applications informatiques,www.kosmos-education.com,"[['contact@kosmos.fr', 'contact@kosmos-education.com'], ['contact@kosmos.fr'], ['contact@kosmos-education.com']]"
PME,ACTILAN ,69100,VILLEURBANNE,Conseil en systèmes et logiciels informatiques,www.actilan.fr,"[['(administration@actilan.fr).Extranet'], ['(administration@actilan.fr).']]"
PME,CLININFO ,69007,LYON 7EME,Conseil en systèmes et logiciels informatiques,www.clininfo.fr,"[['contact@clininfo.fr', 'contact@clininfo.fr.', 'contact.us@clininfo.fr', 'contact@clininfo.frClients'], ['contact@clininfo.fr'], ['contact@clininfo.fr.', 'contact.us@clininfo.fr']]"
ETI,APRIL TECHNOLOGIES ,69003,LYON 3EME,Programmation informatique,www.april.com,[['melanie.sutter@april.com']]
GE,TRANSDEV BUSINESS INFORMATION SOLUTIONS ,69003,LYON 3EME,Tierce maintenance de systèmes et d applications informatiques,,[]
ETI,JETPULP ,69007,LYON 7EME,Conseil en systèmes et logiciels informatiques,www.jetpulp.fr,"[['hello@jetpulp.fr.', 'contact@jetpulp.fr'], ['hello@jetpulp.fr.'], ['contact@jetpulp.fr']]"
ETI,CORIOLIS TELECOM SAS ,69007,LYON 7EME,Telecommunications sans fil,www.coriolis.com,[['serviceclientfibre@coriolis.fr']]
ETI,CORIOLIS TELECOM SAS ,69007,LYON 7EME,Telecommunications sans fil,www.coriolis.com,[['serviceclientfibre@coriolis.fr']]
ETI,SODIFRANCE ISIS ,69002,LYON 2EME,Conseil en systèmes et logiciels informatiques,www.sodifrance.fr,"[['contact@sodifrance.fr.', 'contact@sodifrance.fr.Contact', 'contact@sodifrance.fr', 'achantraine@sodifrance.fr'], ['contact@sodifrance.fr.'], ['contact@sodifrance.fr'], ['achantraine@sodifrance.fr']]"
PME,ALGORYS ,69008,LYON 8EME,Conseil en systèmes et logiciels informatiques,www.algorys.com,"[['home@algorys.com.Distribution'], ['home@algorys.com.']]"
PME,MDSL GROUPE ,69006,LYON 6EME,Telecommunications sans fil,,[]
ETI,VISEO TECHNOLOGIES ,69003,LYON 3EME,Conseil en systèmes et logiciels informatiques,www.viseo.com,"[['implantationscontact@viseo.com.', 'contact@viseo.com.'], ['implantationscontact@viseo.com.'], ['contact@viseo.com.']]"
PME,BK SYSTEMES ,69003,LYON 3EME,Programmation informatique,www.bksystemes.fr,"[['newcontact@bksystemes.fr.', 'contact@bksystemes.fr.', '00contact@bksystemes.fr.Recherches'], ['newcontact@bksystemes.fr.'], ['contact@bksystemes.fr.'], ['00contact@bksystemes.fr.']]"
ETI,ALTIZEM ,69002,LYON 2EME,"Traitement de données, hébergement et activités connexes",,[]
PME,EPIFIT ,69003,LYON 3EME,Conseil en systèmes et logiciels informatiques,www.epifit.fr,[]
PME,A KOM ZANZIBAR AKZ,69100,VILLEURBANNE,"Traitement de données, hébergement et activités connexes",www.a-kom-z.com,[]
PME,A KOM ZANZIBAR AKZ,69100,VILLEURBANNE,"Traitement de données, hébergement et activités connexes",www.a-kom-z.com,[]
GE,MONSTER WORLDWIDE ,69008,LYON 8EME,Portails Internet,www.monster.fr,"[['candidat@monster.fr', 'serviceclientele@monster.fr', 'contact@monster.fr.'], ['candidat@monster.fr', 'serviceclientele@monster.fr'], ['contact@monster.fr.']]"
PME,SICAP FRANCE ,69007,LYON 7EME,Tierce maintenance de systèmes et d applications informatiques,www.sicap.com,"[['info@sicap.com', 'sawdia@sicap.sn.SICAP', 'contact@sicap-pithiviers.net'], ['info@sicap.com'], ['sawdia@sicap.sn.'], ['contact@sicap-pithiviers.net']]"
PME,CYBERCITE ,69100,VILLEURBANNE,Conseil en systèmes et logiciels informatiques,www.cybercite.fr,[]
ETI,AT&T GLOBAL NETWORK SERVICES FRANCE SAS ,69003,LYON 3EME,Telecommunications filaires,,[]
PME,POOL INFORMATIQUE ,69008,LYON 8EME,Conseil en systèmes et logiciels informatiques,,[]
PME,SYSALE ,69100,VILLEURBANNE,Gestion d installations informatiques,,[]
PME,ASSYST ,69003,LYON 3EME,"Traitement de données, hébergement et activités connexes",www.assyst-intl.com,"[['contact@assyst.desites', 'info@assyst-intl.com.cn', 'contact@assyst.de', 'contact.usa@assyst-intl.comAssystwww.assyst.de3D-Digitalisierung'], ['contact@assyst.de'], ['info@assyst-intl.com.cn'], ['contact.usa@assyst-intl.com'], []]"
PME,E.T.I.S. INFORMATIQUE ENGINEERING  TECHNOLOGY FOR INDUSTRY AND SERVICES (INFORMATIQUE) ,69003,LYON 3EME,Conseil en systèmes et logiciels informatiques,,[]
PME,IORGA GROUP ,69006,LYON 6EME,Conseil en systèmes et logiciels informatiques,,[]
PME,AZNETWORK ,69003,LYON 3EME,Tierce maintenance de systèmes et d applications informatiques,www.aznetwork.eu,"[['contact@aznetwork.eu.Mentions', 'contact@aznetwork.eu.', 'contact@aznetwork.eu\u200b.Recherches', 'contact@aznetwork.eu.AZNETWORKaznetwork.eu', 'contact@aznetwork.\u200beu.Matériel', 'contact@aznetwork.eu.Recrutement', 'contact@aznetwork.eu..', 'contact@aznetwork.eu.AZNETWORK', 'contact@aznetwork.eu.Recherches'], ['contact@aznetwork.eu.'], ['contact@aznetwork.eu\u200b.'], ['contact@aznetwork.\u200beu.'], ['contact@aznetwork.eu..']]"
PME,MACROSS INFORMATIQUE ,69006,LYON 6EME,Conseil en systèmes et logiciels informatiques,www.macross.fr,"[['macross@\u200bmacross.fr', 'macross@macross.fr.', 'macross@macross.fr'], ['macross@\u200bmacross.fr'], ['macross@macross.fr.'], ['macross@macross.fr']]"
PME,NOCRATES ,69003,LYON 3EME,Programmation informatique,www.nocrates.com,"[['contact@nocrates.comCette', 'contact@nocrates.\u200bcom', 'Contact@nocrates.com.'], ['contact@nocrates.comCette'], ['contact@nocrates.\u200bcom'], ['Contact@nocrates.com.']]"
PME,MEDIAVEILLE ,69007,LYON 7EME,Conseil en systèmes et logiciels informatiques,www.mediaveille.com,[]
PME,NERIM ,69006,LYON 6EME,Telecommunications filaires,www.nerim.com,"[['support@nerim.com.', 'serviceclient@nerim.com', 'contact@nerim.com.'], ['support@nerim.com.'], ['serviceclient@nerim.com'], ['contact@nerim.com.']]"
PME,STRIDES ,69001,LYON 1ER,Conseil en systèmes et logiciels informatiques,www.stridesapp.com,[]
PME,E.S. TELECOM ,69008,LYON 8EME,Conseil en systèmes et logiciels informatiques,,[]
PME,SOFTYPACK ,69003,LYON 3EME,Tierce maintenance de systèmes et d applications informatiques,www.softypack.fr,[['contact@softypack.fr']]
PME,ADVANSYS COMMUNICATIONS ,69100,VILLEURBANNE,Conseil en systèmes et logiciels informatiques,www.advansysinc.com,[]
PME,EXELIS SA ,69007,LYON 7EME,Conseil en systèmes et logiciels informatiques,www.exelis.com,[['contact\u200b@my-exelis.com;']]
GE,THALES SERVICES NUMERIQUES SAS ,69006,LYON 6EME,Conseil en systèmes et logiciels informatiques,,[]
PME,STOP INFORMATIQUE ,69100,VILLEURBANNE,Conseil en systèmes et logiciels informatiques,www.stopinfo.fr,"[['contact@stopfil.fr.', 'contact@microfutur.fr.', 'patrick@stopinfo.fr.', 'contact@sun-valley-systems.fr.'], ['contact@stopfil.fr.'], ['contact@microfutur.fr.', 'patrick@stopinfo.fr.', 'contact@sun-valley-systems.fr.']]"
ETI,HELLOWORK ,69007,LYON 7EME,Portails Internet,www.hellowork.com,[['contact@regionsjob.\u200bcom']]
PME,ACI INFORMATIQUE ,69003,LYON 3EME,Programmation informatique,www.aci-info.fr,"[['contact@\u200baci-info.fr', 'contact@aci-\u200binfo.fr.Aci'], ['contact@\u200baci-info.fr'], ['contact@aci-\u200binfo.fr.']]"
PME,ALINTO ,69002,LYON 2EME,"Traitement de données, hébergement et activités connexes",www.alinto.com,[['(@)']]
PME,ATEO ,69003,LYON 3EME,Programmation informatique,www.ateoenergies.com,[['info@ateoenergies.com']]
PME,DIFFUSION ACTIVE ,69001,LYON 1ER,Programmation informatique,,[]
PME,WINTEAM ,69007,LYON 7EME,"Traitement de données, hébergement et activités connexes",www.winteam.fr,"[[""info@winteam.fr.L'agence"", 'contact@winteam-it.fr.Recherches'], ['info@winteam.fr.'], ['contact@winteam-it.fr.']]"
PME,ATOL CONSEILS ET DEVELOPPEMENTS ,69003,LYON 3EME,Tierce maintenance de systèmes et d applications informatiques,www.atolcd.com,"[['contact@atolcd.', 'contact@atolcd.comQui', 'contact@atolcd.Recherches'], ['contact@atolcd.'], [], ['contact@atolcd.com']]"
PME,ATHENASYS ,69100,VILLEURBANNE,"Traitement de données, hébergement et activités connexes",www.athenasys4u.com,[]
PME,MEDIACTEURS ,69003,LYON 3EME,Conseil en systèmes et logiciels informatiques,www.mediacteurs.com,[]
ETI,ASPX ,69009,LYON 9EME,Conseil en systèmes et logiciels informatiques,,[]
PME,LINKEO.COM ,69002,LYON 2EME,Portails Internet,www.linkeo.com,[]
PME,SOFTY-SOFT ,69100,VILLEURBANNE,Programmation informatique,,[]
PME,MAGELLAN ,69100,VILLEURBANNE,Programmation informatique,www.magellan-bio.fr,"[['src@magellan-bio.fr.', 'serviceclient@magellan-bio.fr', 'contact@magellan-bio.fr.'], ['src@magellan-bio.fr.'], ['serviceclient@magellan-bio.fr'], ['contact@magellan-bio.fr.']]"
ETI,DIGITAL VIRGO FRANCE ,69003,LYON 3EME,Programmation informatique,www.digitalvirgo.com,[['contact@digitalvirgo.com']]
PME,INTERFACE-COM GROUPE NAKO ,69003,LYON 3EME,Conseil en systèmes et logiciels informatiques,www.interface-com.fr,[['contact.fr@interface.com']]
PME,ALINEA INTERACTIVE ,69009,LYON 9EME,Programmation informatique,,[]
PME,MTPI ,69100,VILLEURBANNE,Conseil en systèmes et logiciels informatiques,,[]
PME,AGENCE INTERACTIVE ,69007,LYON 7EME,Conseil en systèmes et logiciels informatiques,,[]
PME,NOVENCIA GROUP ,69002,LYON 2EME,Conseil en systèmes et logiciels informatiques,www.novencia.com,"[['contact@novencia.com.', 'contact@\u200bnovencia.com'], ['contact@novencia.com.'], ['contact@\u200bnovencia.com']]"
GE,IN EXTENSO SOCIAL ,69002,LYON 2EME,"Traitement de données, hébergement et activités connexes",www.inextenso-social.fr,[['donneespersonnelles@inextenso.fr']]
PME,LINAGORA LINUX,69003,LYON 3EME,Programmation informatique,,[]
PME,SIMCON FRANCE ,69100,VILLEURBANNE,Conseil en systèmes et logiciels informatiques,www.simcon.fr,[]
PME,INGETIC ,69006,LYON 6EME,Conseil en systèmes et logiciels informatiques,www.ingetic.fr,[]
PME,BG PARTNERS ,69001,LYON 1ER,Conseil en systèmes et logiciels informatiques,www.bgpartners.eu,"[['Partnerscontact@bgpartners.eu', 'contact@bgpartners.euGuillaume'], ['Partnerscontact@bgpartners.eu'], ['contact@bgpartners.eu']]"
PME,MEDEXONLINE ,69003,LYON 3EME,Programmation informatique,,[]
PME,PERCALL ,69002,LYON 2EME,Conseil en systèmes et logiciels informatiques,www.percallgroup.com,"[['rgpd@percallgroup.comPLM,'], ['rgpd@percallgroup.com']]"
ETI,ITELLIGENCE FRANCE ,69009,LYON 9EME,Conseil en systèmes et logiciels informatiques,,[]
PME,PUB ONLINE CONCEPTION ,69003,LYON 3EME,Programmation informatique,,[]
PME,INVECTO ,69002,LYON 2EME,"Traitement de données, hébergement et activités connexes",,[]
PME,SINENSIS ,69002,LYON 2EME,Conseil en systèmes et logiciels informatiques,,[]
PME,CEGEDO ,69003,LYON 3EME,Conseil en systèmes et logiciels informatiques,,[]
PME,EDISYS ,69003,LYON 3EME,"Traitement de données, hébergement et activités connexes",www.edisys.eu,"[['contact@spigao.com.', 'dpo-spigao@edisys.eu', '[tanguy.briez@edisys.eu]\u200b', 'marjolaine.weber@edisys.eu', 'christophe.rosain@edisys.eu.', 'aurelie.thomas@edisys.eu'], ['contact@spigao.com.'], ['dpo-spigao@edisys.eu'], ['[tanguy.briez@edisys.eu]\u200b'], ['marjolaine.weber@edisys.eu'], ['christophe.rosain@edisys.eu.'], ['aurelie.thomas@edisys.eu']]"
PME,EDIFIXIO ,69001,LYON 1ER,Tierce maintenance de systèmes et d applications informatiques,www.edifixio.com,"[['contact@edifixio.com.', 'contact@edifixio.com'], ['contact@edifixio.com.'], [], ['contact@edifixio.com']]"
PME,CRISTEAL ,69003,LYON 3EME,Programmation informatique,www.cristeal.com,[]
PME,NET-ELLIPSE ,69100,VILLEURBANNE,Programmation informatique,,[]
PME,EPHICOM ,69007,LYON 7EME,Programmation informatique,,[]
PME,ADVENS ,69002,LYON 2EME,Conseil en systèmes et logiciels informatiques,www.advens.fr,"[['dpo@advens.fr.Entreprise', 'contact@advens.fr.', 'jobs@advens.fr'], ['dpo@advens.fr.'], ['contact@advens.fr.'], ['jobs@advens.fr']]"
PME,ASSOCIATION WEB GONES ,69003,LYON 3EME,Conseil en systèmes et logiciels informatiques,,[]
PME,ANTEOR GROUP ,69003,LYON 3EME,Programmation informatique,www.anteor.com,"[['contact@anteor.com.Fabricant', 'contact@anteor.com.'], [], ['contact@anteor.com.']]"
PME,SOFFT TECHNOLOGIES ,69009,LYON 9EME,Programmation informatique,www.sofft-technologies.fr,"[['sofft@sofft.fr', 'chpollionnay@free.fr,', 'webmaster@sofft.fr'], ['sofft@sofft.fr'], ['chpollionnay@free.fr,'], ['webmaster@sofft.fr']]"
ETI,VIVERIS SYSTEMES ,69100,VILLEURBANNE,Conseil en systèmes et logiciels informatiques,www.viveris.fr,"[['franck.harmant@\u200bviveris.fr.VIVERIS', 'contact@viveris.fr'], ['franck.harmant@\u200bviveris.fr.'], ['contact@viveris.fr']]"
PME,CLEARSY ,69006,LYON 6EME,Conseil en systèmes et logiciels informatiques,www.clearsy.com,"[['contact@clearsy.com', 'contact@clearsy.\u200bcom'], ['contact@clearsy.com'], ['contact@clearsy.\u200bcom']]"
GE,CARREFOUR SYSTEMES D'INFORMATION C.S.I.,69003,LYON 3EME,Programmation informatique,,[]
GE,CARREFOUR SYSTEMES D'INFORMATION C.S.I.,69003,LYON 3EME,Programmation informatique,,[]
PME,SOFFT INDUSTRIES ,69009,LYON 9EME,Programmation informatique,www.sofft.fr,"[['sofft@sofft.fr', 'chpollionnay@free.fr,'], ['sofft@sofft.fr'], ['chpollionnay@free.fr,']]"
PME,BRIOUDE INTERNET ,69003,LYON 3EME,Programmation informatique,www.brioude-internet.fr,"[['contact@brioude-\u200binternet.fr', 'contact@brioude-internet.fr.', 'aboutcontact@brioude-internet.fr'], ['contact@brioude-\u200binternet.fr'], [], ['contact@brioude-internet.fr.'], ['aboutcontact@brioude-internet.fr'], ['contact@brioude-internet.fr']]"
ETI,EXAKIS NELITE ,69009,LYON 9EME,Conseil en systèmes et logiciels informatiques,www.exakis-nelite.com,[['contact@exakis-nelite.com.']]
PME,LIBERCITE ,69001,LYON 1ER,Programmation informatique,,[]
PME,REPORTLINKER ,69002,LYON 2EME,Programmation informatique,www.reportlinker.com,"[['contact@reportlinker.com;', 'clare@reportlinker.com'], ['contact@reportlinker.com;'], ['clare@reportlinker.com']]"
PME,NETWORTH TELECOM ,69006,LYON 6EME,Telecommunications filaires,www.networthtelecom.com,[]
PME,SOFT SYSTEM DSLI ,69003,LYON 3EME,Programmation informatique,,[]
PME,VERSO ,69003,LYON 3EME,Programmation informatique,,[]
PME,HOOK NETWORK ,69002,LYON 2EME,Programmation informatique,www.hook-network.com,[]
PME,DRILLSCAN ,69100,VILLEURBANNE,Conseil en systèmes et logiciels informatiques,www.drillscan.com,[['support@drillscan.com']]
PME,DYNAMIC NAME SERVICE (DYN NS) ,69100,VILLEURBANNE,Programmation informatique,,[]
PME,LIBR'@CCES MULTIMEDIA ,69003,LYON 3EME,Programmation informatique,,[]
PME,DBM TECHNOLOGIES ,69100,VILLEURBANNE,Conseil en systèmes et logiciels informatiques,www.dbmtechnologies.com,[['contact@dbmtechnologies.com']]
GE,ADECCO I.T. SERVICES ,69100,VILLEURBANNE,Gestion d installations informatiques,,[]
GE,ADECCO I.T. SERVICES ,69100,VILLEURBANNE,Gestion d installations informatiques,,[]
PME,ASSOC FRANCAISE D'INFORMATIQUE GRAPHIQUE AFIG,69100,VILLEURBANNE,Conseil en systèmes et logiciels informatiques,,[]
PME,ITIRION ,69003,LYON 3EME,Conseil en systèmes et logiciels informatiques,,[]
PME,AXESS OPEN WEB SERVICES OWS,69100,VILLEURBANNE,Conseil en systèmes et logiciels informatiques,www.axess.fr,"[['commercial-education@axess.fr', 'contact@axess.fr.', 'contact-medtra@axess.fr', 'contact@axess.fr'], ['commercial-education@axess.fr'], ['contact@axess.fr.'], ['contact-medtra@axess.fr'], ['contact@axess.fr']]"
PME,APSAROKE ,69007,LYON 7EME,Conseil en systèmes et logiciels informatiques,www.apsaroke.com,[]
PME,RMSI ,69009,LYON 9EME,Conseil en systèmes et logiciels informatiques,www.rmsi.info,"[['sales@revendeur-malwarebytes.com.', 'contact@rmsi.info', 'contact@rmsi.info\u200b.RMSI', 'info@rmsicropalytics.com.'], ['sales@revendeur-malwarebytes.com.', 'contact@rmsi.info'], ['sales@revendeur-malwarebytes.com.', 'contact@rmsi.info\u200b.'], ['contact@rmsi.info'], ['info@rmsicropalytics.com.']]"
PME,K-NET ,69003,LYON 3EME,Telecommunications filaires,www.k-net.fr,"[['info@k-net.fr', 'info@k-net.fr.Je'], ['info@k-net.fr'], ['info@k-net.fr.']]"
GE,CITYWAY ,69004,LYON 4EME,Conseil en systèmes et logiciels informatiques,www.cityway.fr,"[['contact@cityway.fr', 'directioncommerciale@cityway.fr'], ['contact@cityway.fr'], ['directioncommerciale@cityway.fr']]"
PME,AC.JEUX ,69006,LYON 6EME,Autres activités informatiques,,[]
PME,E2S CONSEILS ET PRESTATIONS ,69008,LYON 8EME,Conseil en systèmes et logiciels informatiques,www.e2s.fr,[['contact@dalkia.fr']]
GE,ALTER WAY MAKERS ,69100,VILLEURBANNE,Programmation informatique,www.alterway.fr,"[['contact@alterway.fr.', 'contact@alterway\u200b.fr.nos', 'contact@\u200balterway.fr.Recherches', 'contact@alterway.fr.Contactez', 'contact@\u200balterway.fr.', 'contact@\u200balterway.fr.Agence', 'contact@\u200balterway.fr.euratechnologie', 'contact@\u200balterway.fr.continuity'], ['contact@alterway.fr.'], ['contact@alterway\u200b.fr.'], ['contact@\u200balterway.fr.']]"
PME,NETHINK ,69003,LYON 3EME,Conseil en systèmes et logiciels informatiques,www.nethink.com,[]
PME,AXANTECH ,69009,LYON 9EME,Conseil en systèmes et logiciels informatiques,www.axantech.com,[['info@techmove.fr.']]
PME,PLANETE BLEUE ,69003,LYON 3EME,Programmation informatique,,[]
PME,OXATIS ,69007,LYON 7EME,Conseil en systèmes et logiciels informatiques,www.oxatis.com,[]
PME,FORNEXT ,69007,LYON 7EME,Programmation informatique,,[]
PME,ALPHA STUDIO ,69008,LYON 8EME,Programmation informatique,www.alphastudio.fr,"[['contact@alphastudio.fr', 'contact@\u200balphamailing.fr.Nous', 'contact@alphaphi.fr.'], ['contact@alphastudio.fr'], ['contact@\u200balphamailing.fr.'], ['contact@alphaphi.fr.']]"
PME,CLEVER AGE ,69006,LYON 6EME,Programmation informatique,www.clever-age.com,[['contact@clever-age.com.']]
ETI,NIJI ,69002,LYON 2EME,Conseil en systèmes et logiciels informatiques,www.niji.fr,"[['contact@niji.fr', '(stephanie.beraud@niji.fr)Recherches'], ['contact@niji.fr'], ['(stephanie.beraud@niji.fr)']]"
PME,JAGUAR NETWORK JN,69008,LYON 8EME,"Traitement de données, hébergement et activités connexes",www.jaguar-network.com,[]
PME,EXEL INFORMATIQUE ,69100,VILLEURBANNE,Conseil en systèmes et logiciels informatiques,www.exelinfo.ch,[['info@exelinfo.ch.']]
PME,BIOCLINICA SAS ,69003,LYON 3EME,"Traitement de données, hébergement et activités connexes",,[]
PME,IO-LAB ,69002,LYON 2EME,Conseil en systèmes et logiciels informatiques,www.io-lab.fr,"[['contact@demepool.com.IO-LAB'], ['contact@demepool.com.']]"
PME,INTERNATIONAL BUSINESS FOR ,69001,LYON 1ER,Conseil en systèmes et logiciels informatiques,www.internationalrelationsedu.org,[['contact@allianceinternationale.org;']]
PME,SERCO ,69100,VILLEURBANNE,Portails Internet,www.serco.com,[]
GE,INEO TINEA ,69100,VILLEURBANNE,Programmation informatique,,[]
PME,CISS ,69006,LYON 6EME,Programmation informatique,www.ciss.fr,"[['info@ciss.fr', 'nousinfo@ciss.fr.', 'info@ciss.fr.'], ['info@ciss.fr'], ['nousinfo@ciss.fr.'], ['info@ciss.fr.']]"
PME,AFG LYON ,69003,LYON 3EME,Conseil en systèmes et logiciels informatiques,,[]
PME,INTERCOM ,69003,LYON 3EME,Conseil en systèmes et logiciels informatiques,www.intercom.com,[]
PME,REZOPOLE ,69007,LYON 7EME,Telecommunications filaires,www.rezopole.net,"[['contact@\u200brezopole.net.', 'communication@rezopole.net', 'bmartin@hasgard.net,', 'sysadm@rezopole.net'], ['contact@\u200brezopole.net.'], ['communication@rezopole.net'], ['bmartin@hasgard.net,'], ['sysadm@rezopole.net']]"
PME,STARGRAF ,69004,LYON 4EME,Conseil en systèmes et logiciels informatiques,www.stargraf.com,"[['contact@stargraf.com.', 'info@pignol.fr.'], ['contact@stargraf.com.'], ['info@pignol.fr.']]"
PME,SYNAPSYS CONSEILS LYON ,69003,LYON 3EME,Conseil en systèmes et logiciels informatiques,,[]
PME,CLESIA GESTION ,69003,LYON 3EME,Conseil en systèmes et logiciels informatiques,www.clesiagestion.com,[]
PME,NOE INTERACTIVE ,69006,LYON 6EME,Programmation informatique,,[]
PME,JLR DISTRIBUTION JLR,69009,LYON 9EME,Conseil en systèmes et logiciels informatiques,,[]
PME,JLR DISTRIBUTION JLR,69009,LYON 9EME,Conseil en systèmes et logiciels informatiques,,[]
ETI,GROUPE JTI ,69009,LYON 9EME,"Traitement de données, hébergement et activités connexes",www.groupejti.com,[]
ETI,SEMANTYS ,69007,LYON 7EME,Conseil en systèmes et logiciels informatiques,www.semantys.com,[]
ETI,SEMANTYS ,69003,LYON 3EME,Conseil en systèmes et logiciels informatiques,www.semantys.com,[]
PME,MICROLEARN ,69006,LYON 6EME,Conseil en systèmes et logiciels informatiques,,[]
ETI,VISEO BI ,69003,LYON 3EME,Conseil en systèmes et logiciels informatiques,www.viseo.com,"[['implantationscontact@viseo.com.', 'contact@viseo.com', 'contact@viseo.com.'], ['implantationscontact@viseo.com.'], ['contact@viseo.com.'], ['contact@viseo.com']]"
PME,WICAM FRANCE WF,69004,LYON 4EME,Conseil en systèmes et logiciels informatiques,imgres?imgurl=https:,[]
PME,CT CORETECHNOLOGIE FRANCE ,69008,LYON 8EME,Programmation informatique,,[]
PME,AESSENTIA ,69003,LYON 3EME,Conseil en systèmes et logiciels informatiques,www.aessentia.com,[]
ETI,VIVERIS ASR ,69100,VILLEURBANNE,Conseil en systèmes et logiciels informatiques,www.viveris.fr,"[['franck.harmant@\u200bviveris.fr.VIVERIS', 'contact@viveris.fr'], ['franck.harmant@\u200bviveris.fr.'], ['contact@viveris.fr']]"
PME,IPPON TECHNOLOGIES ,69002,LYON 2EME,Conseil en systèmes et logiciels informatiques,www.ippon.fr,"[['gfournel\u200b@ippon.fr', 'contact@ipponusa.com\u200b', 'bpinel@ippon.fr.', 'ippon.star@free.fr'], ['gfournel\u200b@ippon.fr', 'contact@ipponusa.com\u200b'], ['bpinel@ippon.fr.'], ['ippon.star@free.fr']]"
PME,ADENIUM ,69003,LYON 3EME,Conseil en systèmes et logiciels informatiques,,[]
PME,POCPAN ,69004,LYON 4EME,Conseil en systèmes et logiciels informatiques,www.pocpan.com,[]
PME,01SI ,69003,LYON 3EME,Programmation informatique,www.01si.com,[['contact@lyon-entreprises.com']]
PME,SOLVEO ,69006,LYON 6EME,Conseil en systèmes et logiciels informatiques,www.solveo-energie.com,[]
PME,DEGA ,69003,LYON 3EME,"Traitement de données, hébergement et activités connexes",,[]
PME,COM'IRIS ,69002,LYON 2EME,Conseil en systèmes et logiciels informatiques,,[]
PME,WEBB FONTAINE ,69003,LYON 3EME,Conseil en systèmes et logiciels informatiques,www.webbfontaine.ci,"[['95Email:info@webbfontaine.ciAdresse:Webb', 'contact-ci@webbfontaine.com', 'support@guce.gouv.ci', 'contact@webbfontaine.com'], ['95Email:info@webbfontaine.ciAdresse:Webb'], ['info@webbfontaine.ci'], ['contact-ci@webbfontaine.com'], ['support@guce.gouv.ci'], ['contact@webbfontaine.com']]"
PME,NOVIUS ,69100,VILLEURBANNE,Programmation informatique,www.novius.com,[['contact@novius.\u200bfr.']]
PME,STARLOG CONSEILS PRESTATIONS INFORMATIQU ,69003,LYON 3EME,Conseil en systèmes et logiciels informatiques,,[]
PME,FIDENS ,69003,LYON 3EME,Conseil en systèmes et logiciels informatiques,www.fidens.fr,"[['contact@fidens.fr', 'formation@fidens.fr', 'recrutement@fidens.fr.[LYON]Consultant', 'recrutement@fidens.fr', 'marseille@fidens.fr', 'recrutement@fidens.fr.Recherches'], ['contact@fidens.fr', 'formation@fidens.fr'], ['formation@fidens.fr'], ['recrutement@fidens.fr.'], ['recrutement@fidens.fr'], ['marseille@fidens.fr']]"
PME,ORIOLIS ,69100,VILLEURBANNE,Tierce maintenance de systèmes et d applications informatiques,www.oriolis.fr,"[['serviceclient@coriolis.fr', 'contact@test.com', 'serviceclientbox\u200b@coriolis.fr.', 'servicecliententreprises@coriolis.fr', 'covid-\u200bdecembre@agglopole.fr'], ['serviceclient@coriolis.fr'], ['contact@test.com'], ['serviceclientbox\u200b@coriolis.fr.'], ['servicecliententreprises@coriolis.fr'], ['covid-\u200bdecembre@agglopole.fr']]"
PME,AKIS INGENIERIE ,69100,VILLEURBANNE,Programmation informatique,www.akising.com,"[['christian@akising.com.', 'mobile@akising.com.', 'contact@parking-public.fr.', 'fileschristian@akising.com.', 'usa@anaik.com.', 'anaik.uk@anaik.com.'], ['christian@akising.com.'], ['mobile@akising.com.', 'contact@parking-public.fr.'], ['fileschristian@akising.com.'], ['usa@anaik.com.', 'anaik.uk@anaik.com.']]"
PME,ATIXNET ,69001,LYON 1ER,Conseil en systèmes et logiciels informatiques,www.atixnet.fr,"[['contact@atixnet.fr', 'contact@atixnet.fr.', 'mentions-legales@.contact@atixnet.fr.', 'info@kiceo.fr.'], ['contact@atixnet.fr'], ['contact@atixnet.fr.'], ['mentions-legales@.contact@atixnet.fr.'], ['@.contact@atixnet.fr.'], ['info@kiceo.fr.', 'contact@atixnet.fr.']]"
ETI,MICROPOLE RHONE ALPES ,69100,VILLEURBANNE,Conseil en systèmes et logiciels informatiques,www.micropole.com,"[['info@micropole\u200b.Micropolewww.micropole.comMicropole,', 'joachim.mar@rumeurpublique.fr.'], ['info@micropole\u200b.'], ['joachim.mar@rumeurpublique.fr.']]"
GE,IBIZA SOFTWARE ,69009,LYON 9EME,Programmation informatique,www.ibizasoftware.fr,"[['info@\u200bibizasoftware.fr.iBiza', 'socialewww.ibizasoftware.frinfo@ibizasoftware.fr', 'info@ibizasoftware.fr.', 'info@ibizasoftware.fr'], ['info@\u200bibizasoftware.fr.'], ['socialewww.ibizasoftware.frinfo@ibizasoftware.fr'], ['info@ibizasoftware.fr'], ['info@ibizasoftware.fr.']]"
PME,AREA SYSTEMES ,69009,LYON 9EME,Conseil en systèmes et logiciels informatiques,,[]
PME,APPLIUM ,69009,LYON 9EME,Conseil en systèmes et logiciels informatiques,www.applium.fr,"[['contact@applium.fr', 'contact@applium.fr.'], ['contact@applium.fr'], ['contact@applium.fr.']]"
PME,IXXO ,69007,LYON 7EME,Conseil en systèmes et logiciels informatiques,www.ixxo.fr,[['info@ixxo.fr.']]
PME,IKUBE ,69100,VILLEURBANNE,Programmation informatique,www.ikube.it,"[['info@ikube.it.', 'ikube@ikube.it.'], ['info@ikube.it.'], ['ikube@ikube.it.']]"
PME,HERMITAGE SOLUTIONS HS,69001,LYON 1ER,Conseil en systèmes et logiciels informatiques,www.hermitagesolutions.com,"[['info@hermitagesolutions.com.', 'mktg\u200b@hermitagesolutions.com', 'info@hermitagesolutions.com.Solutions'], ['info@hermitagesolutions.com.'], ['mktg\u200b@hermitagesolutions.com']]"
PME,DREAMAP ,69003,LYON 3EME,Programmation informatique,www.dreamap.com,"[['contact@\u200bdreamap.com.Dreamap'], ['contact@\u200bdreamap.com.']]"
PME,EPARLOG ,69006,LYON 6EME,Programmation informatique,www.eparlog.fr,[]
PME,NEOTIS ,69007,LYON 7EME,Conseil en systèmes et logiciels informatiques,www.neotis.fr,[['contact@neotisproprete.fr']]
PME,AGCE PROF DES RESSOURCES INFORMATIQUES ,69009,LYON 9EME,Conseil en systèmes et logiciels informatiques,,[]
PME,AUDIT & TELECOM ,69006,LYON 6EME,Autres activités de télécommunication,,[]
PME,LYON-ENTREPRISES ,69001,LYON 1ER,Programmation informatique,www.lyon-entreprises.com,"[['contact@lyon-entreprises.com.', 'contact@lyon-entreprises.com'], ['contact@lyon-entreprises.com.'], ['contact@lyon-entreprises.com']]"
PME,ARMADIYO ,69006,LYON 6EME,Programmation informatique,www.armadiyo.com,[['contact@armadiyo.com']]
PME,SISTER CENTER SC,69007,LYON 7EME,Telecommunications filaires,www.sistersrepublic.com,"[['julie@sistersrepublic.com,', 'julie@sistersrepublic.com.'], ['julie@sistersrepublic.com,'], ['julie@sistersrepublic.com.']]"
PME,JMB CONSULTANTS ,69008,LYON 8EME,Conseil en systèmes et logiciels informatiques,www.jmb-consultants.fr,[]
GE,GE IS&T SAS ALSTOM IS & T,69100,VILLEURBANNE,Gestion d installations informatiques,www.ge.com,[]
PME,APPLI RH ,69100,VILLEURBANNE,Programmation informatique,www.applirh.com,"[['commercial@applirh.com.', 'commercial\u200b@applirh.com.'], ['commercial@applirh.com.'], ['commercial\u200b@applirh.com.']]"
PME,ITAMSYS ,69007,LYON 7EME,Conseil en systèmes et logiciels informatiques,www.itamsys.com,[]
PME,NET-BOOT ,69007,LYON 7EME,Conseil en systèmes et logiciels informatiques,,[]
PME,NET-BOOT ,69002,LYON 2EME,Conseil en systèmes et logiciels informatiques,,[]
PME,SYMETRIX ,69002,LYON 2EME,Conseil en systèmes et logiciels informatiques,www.symetrix.co,[['marketing@symetrix.co']]
PME,AMIGOLOG ,69006,LYON 6EME,Conseil en systèmes et logiciels informatiques,www.amigolog.com,[['info@amigolog.comCette']]
PME,DYNAMIC VIEW ,69009,LYON 9EME,Conseil en systèmes et logiciels informatiques,www.dynamicview.fr,"[['info@dynamicview.fr', 'info@dynamicview.fr.', 'support@dynamicview.fr.Nouvelle', 'Contact@digitalcooker.fr', 'support@dynamicview.fr'], ['info@dynamicview.fr'], ['info@dynamicview.fr.'], ['support@dynamicview.fr.'], ['Contact@digitalcooker.fr'], ['info@dynamicview.fr.', 'support@dynamicview.fr']]"
PME,LITTLE ARTS CREATIONS ,69003,LYON 3EME,Conseil en systèmes et logiciels informatiques,,[]
PME,COERRANCE ,69006,LYON 6EME,"Traitement de données, hébergement et activités connexes",www.coerrance.ch,[['assoc.coerrance@gmail.com.']]
PME,SECUSERVE ,69100,VILLEURBANNE,Conseil en systèmes et logiciels informatiques,www.secuserve.fr,"[['support@secuserve.com.', 'contact@secuserve.\u200bcom.'], ['support@secuserve.com.'], ['contact@secuserve.\u200bcom.']]"
PME,LIVRE RARE BOOK LRB,69001,LYON 1ER,Programmation informatique,www.livre-rare-book.com,[]
PME,SATXPRO ,69003,LYON 3EME,Télécommunications par satellite,www.satxpro.com,"[['commercial@satxpro.com.', 'hotline@satxpro.com', 'SATXPRO_FERATELcontact@satxpro.com.'], ['commercial@satxpro.com.'], ['hotline@satxpro.com'], ['SATXPRO_FERATELcontact@satxpro.com.'], ['contact@satxpro.com.']]"
PME,ACF SUPPORT INFORMATIQUE ,69100,VILLEURBANNE,Conseil en systèmes et logiciels informatiques,www.acf.fr,"[['contact@acf.fr.', '-Mail:contact@centre-acf.fr', 'formation@puissance5.fr', 'contact@acfformation.fr.'], ['contact@acf.fr.'], ['-Mail:contact@centre-acf.fr'], ['formation@puissance5.fr'], ['contact@acfformation.fr.']]"
PME,HUTCHISON COMMUNICATION SYSTEMS FRANCE ,69006,LYON 6EME,Autres activités de télécommunication,,[]
PME,STARXPERT ,69009,LYON 9EME,Conseil en systèmes et logiciels informatiques,www.starxpert.fr,"[['jfd@starxpert.fr', 'info@starxpert.fr.Recherches', 'info@starxpert.fr'], ['jfd@starxpert.fr'], ['info@starxpert.fr.'], ['info@starxpert.fr']]"
PME,MAIDIS ,69009,LYON 9EME,Programmation informatique,www.maidis.fr,"[['support@maidis.frCette', 'contact@maidis.fr'], ['support@maidis.frCette'], ['contact@maidis.fr']]"
PME,C I P L ,69009,LYON 9EME,Conseil en systèmes et logiciels informatiques,www.cipl.fr,"[['contact@\u200bcipl.fr.Lannemezan', 'contact@cipl.fr.PIBRAC', 'contact@cipl.fr.', 'cipl@uliege.Groupe', 'conferences.internat@hotmail.fr.Bienvenue'], ['contact@\u200bcipl.fr.'], ['contact@cipl.fr.'], ['cipl@uliege.'], ['conferences.internat@hotmail.fr.']]"
PME,MEETSYS ,69002,LYON 2EME,Conseil en systèmes et logiciels informatiques,,[]
PME,ASSOC DEVELOP RESSOURCES MULTIMEDIA ADRM ,69001,LYON 1ER,Conseil en systèmes et logiciels informatiques,,[]
PME,PERSEE ,69008,LYON 8EME,Autres activités de télécommunication,www.persee.fr,[]
PME,NPERF FH,69006,LYON 6EME,Autres activités de télécommunication,www.nperf.com,[]
PME,OPTIMIS ,69006,LYON 6EME,Conseil en systèmes et logiciels informatiques,www.optimisgroup.com,[]
PME,EPONYME ,69009,LYON 9EME,Autres activités informatiques,,[]
PME,PLANEUM ,69100,VILLEURBANNE,Conseil en systèmes et logiciels informatiques,www.planeum.com,"[['contact@planeum.com', 'contact.nl@planeum.com.'], ['contact@planeum.com'], ['contact.nl@planeum.com.']]"
PME,STEPAR INFORMATIQUE ,69005,LYON 5EME,Conseil en systèmes et logiciels informatiques,,[]
PME,HARMONIE ,69007,LYON 7EME,Conseil en systèmes et logiciels informatiques,www.harmonie-mutuelle.fr,[]
PME,TALEA ,69003,LYON 3EME,Conseil en systèmes et logiciels informatiques,www.talea.fr,[['commercial@talea.fr.']]
PME,SPEEDMEDIA SERVICES ,69100,VILLEURBANNE,Programmation informatique,www.speedmedia.fr,[['contact@speedmedia.fr\u200b']]
PME,SAPIENS GROUP SPNS,69003,LYON 3EME,Programmation informatique,www.sapiensgroup.fr,"[['sitewebspns@\u200bsapiensgroup.fr.', 'contact@sapiensgroup.fr.'], ['sitewebspns@\u200bsapiensgroup.fr.'], ['contact@sapiensgroup.fr.']]"
PME,SISTEMA STRATEGY ,69009,LYON 9EME,Conseil en systèmes et logiciels informatiques,www.sistema-strategy.com,"[['contact@sistema-strategy.\u200bcom.A', 'contact@sistema-strategy.com.'], ['contact@sistema-strategy.\u200bcom.'], ['contact@sistema-strategy.com.']]"
PME,9DESIGN ,69006,LYON 6EME,Conseil en systèmes et logiciels informatiques,,[]
PME,ORPIMENT ,69006,LYON 6EME,Programmation informatique,,[]
PME,NATURELODGING ,69006,LYON 6EME,"Traitement de données, hébergement et activités connexes",,[]
PME,LYON HOST ,69006,LYON 6EME,Conseil en systèmes et logiciels informatiques,,[]
PME,MIG-ACTI ,69002,LYON 2EME,Conseil en systèmes et logiciels informatiques,,[]
PME,COMPUTEO ,69100,VILLEURBANNE,Autres activités informatiques,,[]
GE,FAST CONNECT ,69100,VILLEURBANNE,Conseil en systèmes et logiciels informatiques,www.fastconnect.fr,[['contact@atlanteinfo.fr.']]
PME,BOUCHAKER CONSULTING ,69100,VILLEURBANNE,Conseil en systèmes et logiciels informatiques,,[]
PME,IT-ORAE ,69004,LYON 4EME,Conseil en systèmes et logiciels informatiques,www.it-orae.com,[]
PME,JDL ENTREPRISES ,69100,VILLEURBANNE,Telecommunications sans fil,www.jdl.fr,"[['contact[@]jdl.fr.', 'jeandelarebeyrette@gmail.com.Contactjdlgroupe.com'], ['contact[@]jdl.fr.'], ['jeandelarebeyrette@gmail.com.']]"
PME,J.P. INFORMATIX ,69002,LYON 2EME,Conseil en systèmes et logiciels informatiques,,[]
PME,DIGISCHOOL GROUP ,69003,LYON 3EME,Programmation informatique,www.digischoolgroup.com,[]
PME,EXILENS ,69007,LYON 7EME,Conseil en systèmes et logiciels informatiques,www.exilens.fr,"[['clairechastan@orange.fr', 'earl.carisse@wanadoo.fr.Recherches'], ['clairechastan@orange.fr', 'earl.carisse@wanadoo.fr.']]"
PME,S2J TRAINING AND SOFTWARE ,69009,LYON 9EME,Programmation informatique,,[]
PME,SYNOLIA ,69003,LYON 3EME,Conseil en systèmes et logiciels informatiques,www.synolia.com,[]
PME,REVOLUTION GRAPHIQUE ,69009,LYON 9EME,Programmation informatique,,[]
PME,PARADISS ,69007,LYON 7EME,Conseil en systèmes et logiciels informatiques,,[]
PME,ARAWAN ,69003,LYON 3EME,Conseil en systèmes et logiciels informatiques,,[]
PME,MIK FRANCE ,69003,LYON 3EME,Programmation informatique,,[]
ETI,INTM ,69003,LYON 3EME,Conseil en systèmes et logiciels informatiques,www.intm.fr,"[['flore.boulben@intm.fr.Groupe'], ['flore.boulben@intm.fr.']]"
ETI,PROXIAD ,69003,LYON 3EME,Conseil en systèmes et logiciels informatiques,www.proxiad.com,"[['b.burgu@proxiad.com.', 'marketing@proxiad.com.', 'contact.idf@proxiad.com;', 'contact.normandie@proxiad.com;', 'contact.est@proxiad.com;'], ['b.burgu@proxiad.com.'], ['marketing@proxiad.com.'], ['contact.idf@proxiad.com;'], ['contact.normandie@proxiad.com;'], ['contact.est@proxiad.com;']]"
ETI,AVISTO TELECOM ,69100,VILLEURBANNE,Conseil en systèmes et logiciels informatiques,www.avisto.com,[['michel.besson@avisto.com.']]
PME,PRESTA CONCEPT ,69003,LYON 3EME,Programmation informatique,www.prestaconcept.net,[]
PME,DATA-PERFECT ,69002,LYON 2EME,Conseil en systèmes et logiciels informatiques,,[]
PME,4 SYS SOLUTIONS ,69009,LYON 9EME,Conseil en systèmes et logiciels informatiques,www.4sys.fr,"[['contact@lyon-entreprises.com', 'support@4sys.fr'], ['contact@lyon-entreprises.com'], ['support@4sys.fr']]"
PME,SCENE SERVICE ,69004,LYON 4EME,Conseil en systèmes et logiciels informatiques,www.sceneservice.fr,"[['sylvestre.vitiello@sitep.fr.Mentions', 'contact@maisondeladanse.com.'], [], ['sylvestre.vitiello@sitep.fr.'], ['contact@maisondeladanse.com.']]"
PME,KOLLE-BOLLE ,69007,LYON 7EME,Programmation informatique,,[]
PME,ALLIANCE HIGH TECH ,69003,LYON 3EME,Conseil en systèmes et logiciels informatiques,www.alliancehightech.com,"[['recrutementcontact@alliancehightech.com.', 'contact@alliancehightech.com.', 'grands-comptescontact@alliancehightech.com.', 'contact@alliancehightech.com.AHT', 'alliance-purchasingcontact@alliancehightech.com.', 'contact@alliancehightech.\u200bcom.Recherches'], ['recrutementcontact@alliancehightech.com.', 'contact@alliancehightech.com.'], ['contact@alliancehightech.com.'], ['grands-comptescontact@alliancehightech.com.'], ['alliance-purchasingcontact@alliancehightech.com.'], ['contact@alliancehightech.\u200bcom.']]"
ETI,NOMIOS ,69100,VILLEURBANNE,Conseil en systèmes et logiciels informatiques,www.nomios.fr,"[['info@nomios.fr', 'info@nomios.fr;'], ['info@nomios.fr'], ['info@nomios.fr;']]"
PME,ISTOS ,69009,LYON 9EME,Conseil en systèmes et logiciels informatiques,,[]
PME,MULTIPHONE ,69003,LYON 3EME,Autres activités de télécommunication,www.multiphone-netcom.com,[]
PME,DOCTEUR PC ,69001,LYON 1ER,Conseil en systèmes et logiciels informatiques,www.docteur-pc.fr,"[['contact@docteurpcinfo.fr', 'contact@docteurpcinfo.fr.'], ['contact@docteurpcinfo.fr'], ['contact@docteurpcinfo.fr.']]"
PME,XL NET ,69009,LYON 9EME,Programmation informatique,www.xlnet.fr,"[['contact@xlsoft\u200b.fr.zihangdai/xlnet:', 'hello@paperswithcode.com.'], ['contact@xlsoft\u200b.fr.'], ['hello@paperswithcode.com.']]"
PME,IROQUOIS ,69100,VILLEURBANNE,Programmation informatique,,[]
PME,SSIII SS3I,69007,LYON 7EME,Conseil en systèmes et logiciels informatiques,,[]
PME,CELYPSE ,69002,LYON 2EME,Programmation informatique,www.celypse.fr,"[['contact@celypse.fr.', 'solution@sfam.eu.', 'contact@esprittelecom.fr', 'contacter-le-musee-des-automates-ou-la-fond...contact@museeautomates.com'], ['contact@celypse.fr.'], ['solution@sfam.eu.'], ['contact@esprittelecom.fr'], ['contacter-le-musee-des-automates-ou-la-fond...contact@museeautomates.com'], ['contact@museeautomates.com']]"
PME,GENESIS GROUPE ,69009,LYON 9EME,Conseil en systèmes et logiciels informatiques,,[]
PME,GENESIS GROUPE ,69004,LYON 4EME,Conseil en systèmes et logiciels informatiques,,[]
PME,DEDISERVICES ,69009,LYON 9EME,Conseil en systèmes et logiciels informatiques,,[]
PME,CEG CONSEIL ,69005,LYON 5EME,Conseil en systèmes et logiciels informatiques,www.cegconseil.fr,[['strictmail@cegconseil.fr']]
PME,HINNOYA ,69100,VILLEURBANNE,Conseil en systèmes et logiciels informatiques,,[]
PME,APOLLO A SSC,69003,LYON 3EME,Conseil en systèmes et logiciels informatiques,www.apollossc.com,[['contact@apollossc.com']]
PME,FLK MEDIA ,69009,LYON 9EME,Conseil en systèmes et logiciels informatiques,,[]
PME,POINTCUBE ,69009,LYON 9EME,Programmation informatique,www.pointcube.fr,[]
PME,LIBR'ACCES MULTIMEDIA ,69003,LYON 3EME,Conseil en systèmes et logiciels informatiques,,[]
PME,LIBR'ACCES MULTIMEDIA ,69007,LYON 7EME,Conseil en systèmes et logiciels informatiques,,[]
ETI,COGNIZANT TECHNOLOGY SOLUTIONS FRANCE ,69002,LYON 2EME,Conseil en systèmes et logiciels informatiques,www.cognizant.com,[['inquiry@cognizant.com']]
PME,XLD SOLUTIONS ,69009,LYON 9EME,Programmation informatique,,[]
PME,SARL CLAB ,69100,VILLEURBANNE,Programmation informatique,,[]
PME,MY LUCKY DAY ,69002,LYON 2EME,"Traitement de données, hébergement et activités connexes",,[]
PME,NEW PRINTING SOLUTION ,69008,LYON 8EME,Conseil en systèmes et logiciels informatiques,,[]
PME,BPM CONSEIL ,69003,LYON 3EME,Conseil en systèmes et logiciels informatiques,www.bpm-conseil.com,"[['info@bpm-conseil.com.BPM-Conseil', 'info@bpm-conseil.'], ['info@bpm-conseil.com.'], ['info@bpm-conseil.']]"
PME,I G S I INFORMATIQUE GESTION SYSTEME D'INFORMATION IGSI,69007,LYON 7EME,Conseil en systèmes et logiciels informatiques,www.igsi.fr,[]
PME,ALIX FORMATION ET DEVELOPPEMENT ,69009,LYON 9EME,Conseil en systèmes et logiciels informatiques,,[]
GE,CAPGEMINI TECHNOLOGY SERVICES ,69004,LYON 4EME,Conseil en systèmes et logiciels informatiques,www.capgemini.com,[]
GE,CAPGEMINI TECHNOLOGY SERVICES ,69007,LYON 7EME,Conseil en systèmes et logiciels informatiques,www.capgemini.com,[]
GE,CAPGEMINI TECHNOLOGY SERVICES ,69007,LYON 7EME,Conseil en systèmes et logiciels informatiques,www.capgemini.com,[]
PME,PARISIAM ,69100,VILLEURBANNE,Programmation informatique,www.parisiam.com,"[['contact@be-parisian.fr', 'claudie@\u200boliviergiraud.com.'], ['contact@be-parisian.fr'], ['claudie@\u200boliviergiraud.com.']]"
PME,ILO CONCEPT ,69100,VILLEURBANNE,Programmation informatique,www.ilo-concept.fr,"[['contact@ilo-concept.fr;', 'contact@ilo-concept.fr', 'contactez-nous@ilo-concept.fr.', 'contact@opcconcept.fr.'], ['contact@ilo-concept.fr;'], ['contact@ilo-concept.fr'], ['contactez-nous@ilo-concept.fr.'], ['contact@opcconcept.fr.']]"
PME,MICHEL PONS TECHNOLOGIE ,69007,LYON 7EME,Conseil en systèmes et logiciels informatiques,,[]
PME,SYNCER ,69003,LYON 3EME,Conseil en systèmes et logiciels informatiques,,[]
ETI,GL EVENTS S.I. ,69002,LYON 2EME,Conseil en systèmes et logiciels informatiques,www.gl-events.com,"[['sirha@gl-events.com', 'contactvisiteur@gl-events.com']]"
PME,SITEWEBPRO ,69002,LYON 2EME,Programmation informatique,www.sitewebpro.com,[['info@sitewebpro.com']]
PME,IR L ,69100,VILLEURBANNE,Programmation informatique,www.ir-l.com,[['contact@ir-l.com.']]
GE,FIDUCIAL CLOUD ,69009,LYON 9EME,"Traitement de données, hébergement et activités connexes",www.fiducialcloud.fr,[['contact@\u200bfiducialcloud.fr']]
PME,VEODIM ,69002,LYON 2EME,Conseil en systèmes et logiciels informatiques,www.veodim.fr,[]
PME,PNS CONCEPT ,69100,VILLEURBANNE,Conseil en systèmes et logiciels informatiques,www.pnsconcept.fr,[['info\u200b@pnsconcept.fr.']]
PME,EASYTEAM ,69007,LYON 7EME,Conseil en systèmes et logiciels informatiques,,[]
PME,EDINFO ,69005,LYON 5EME,Conseil en systèmes et logiciels informatiques,www.edinfo.fr,"[['contact@edinfo.fr.', 'contact@edinfo.fr', 'contact[@]edinfo.fr.Services'], ['contact@edinfo.fr.'], ['contact@edinfo.fr'], ['contact[@]edinfo.fr.']]"
PME,DREAM TIC ,69006,LYON 6EME,Conseil en systèmes et logiciels informatiques,,[]
GE,ALLEGORIA ,69009,LYON 9EME,Programmation informatique,,[]
PME,HYSTIA ,69003,LYON 3EME,Conseil en systèmes et logiciels informatiques,,[]
PME,ARAXXE ,69006,LYON 6EME,"Traitement de données, hébergement et activités connexes",www.araxxe.com,[['adrien.pernet@araxxe.com']]
PME,KUIDJEU ,69001,LYON 1ER,Conseil en systèmes et logiciels informatiques,,[]
PME,ANTEIKA SARL ,69001,LYON 1ER,Programmation informatique,,[]
PME,SMACK DOWN PRODUCTIONS ,69100,VILLEURBANNE,Programmation informatique,,[]
PME,ELAO ,69006,LYON 6EME,Programmation informatique,www.elao.com,"[['contact@elao.com', 'contact@lyon-entreprises.com'], ['contact@elao.com'], ['contact@lyon-entreprises.com']]"
PME,ZOL ,69006,LYON 6EME,Conseil en systèmes et logiciels informatiques,www.zol.fr,"[['bonjour@zol.fr', 'kevin@zol.fr.ZOL'], ['bonjour@zol.fr'], ['kevin@zol.fr.']]"
PME,WAYS CONSULTING & INTEGRATION ,69009,LYON 9EME,Conseil en systèmes et logiciels informatiques,,[]
PME,LES NETWORKEURS ,69004,LYON 4EME,Programmation informatique,www.lesnetworkeurs.com,"[['jmjolivet@lesnetworkeurs.com.', 'jmjolivet@lesnetworkeurs.com'], ['jmjolivet@lesnetworkeurs.com.'], ['jmjolivet@lesnetworkeurs.com']]"
PME,T4E . FR ,69003,LYON 3EME,"Traitement de données, hébergement et activités connexes",,[]
PME,NOVAXIOM CONCEPT ,69100,VILLEURBANNE,Conseil en systèmes et logiciels informatiques,www.novaxiom.fr,"[['contact@novaxiom.fr', 'Contact@\u200bnovaxiom.fr.Recherches', 'Contact@novaxiom.fr', 'Contact@novaxiom.fr,'], ['contact@novaxiom.fr'], ['Contact@\u200bnovaxiom.fr.'], ['Contact@novaxiom.fr', 'Contact@novaxiom.fr,'], ['Contact@novaxiom.fr'], ['Contact@novaxiom.fr,']]"
PME,VIGILENS ,69006,LYON 6EME,Conseil en systèmes et logiciels informatiques,www.vigilens.fr,"[['contact@vigilens.fr.', 'Accueilwww.vigilens.frcontact@vigilens.fr', 'contactcontact@vigilens.fr.', 'qui-sommes-nouscontact@vigilens.fr', 'servicescontact@vigilens.fr', 'entreprisecontact@vigilens.fr', 'vigilens-edition-jde...contact@vigilens.fr', 'formationcontact@vigilens.fr', 'contact@vigilens.fr', 'vigilens-toolboxcontact@vigilens.fr'], ['contact@vigilens.fr.'], ['Accueilwww.vigilens.frcontact@vigilens.fr'], ['contact@vigilens.fr'], ['contactcontact@vigilens.fr.'], ['qui-sommes-nouscontact@vigilens.fr'], ['servicescontact@vigilens.fr'], ['entreprisecontact@vigilens.fr'], ['vigilens-edition-jde...contact@vigilens.fr'], ['formationcontact@vigilens.fr'], ['vigilens-toolboxcontact@vigilens.fr']]"
PME,COGITOP ,69009,LYON 9EME,Programmation informatique,www.cogitop.fr,"[['hl@actibase.fr.', 'contact@cogitostrategy.fr', 'contact@cogitographix.fr.', '[@]cogito-ensemble.fr.'], ['hl@actibase.fr.'], ['contact@cogitostrategy.fr'], ['contact@cogitographix.fr.'], ['[@]cogito-ensemble.fr.']]"
PME,AXXONE SYSTEM ,69100,VILLEURBANNE,Programmation informatique,www.axxone.fr,[]
PME,EVOLUTION COMPET PROGICIELS FORMATIONS ECPF,69003,LYON 3EME,Programmation informatique,,[]
PME,AITI ,69007,LYON 7EME,Conseil en systèmes et logiciels informatiques,,[]
PME,DASTEPER ,69003,LYON 3EME,Conseil en systèmes et logiciels informatiques,,[]
PME,A I D E MULTIMEDIA ,69006,LYON 6EME,Gestion d installations informatiques,www.aidemultimedia.com,"[['contact@aidemultimedia.com.', 'contact@aidemultimedia.com', 'contact@aidemultimedia.\u200bcom.', 'aboutcontact@aidemultimedia.com', 'contact@aidemultimedia.com;'], ['contact@aidemultimedia.com.'], ['contact@aidemultimedia.com'], ['contact@aidemultimedia.\u200bcom.'], ['aboutcontact@aidemultimedia.com'], ['contact@aidemultimedia.com;']]"
PME,IDELLYS ,69003,LYON 3EME,Conseil en systèmes et logiciels informatiques,www.idellys.com,[['contact@idellys.com.']]
PME,IP LOG ,69008,LYON 8EME,Conseil en systèmes et logiciels informatiques,,[]
PME,VIVIENNE INVESTISSEMENT ,69002,LYON 2EME,Programmation informatique,www.vivienne-investissement.com,"[['contact@vivienne-im.com.', 'lterbeche@vivienne-im.com\u200b', 'contact@vivienne-im.com).'], ['contact@vivienne-im.com.'], ['lterbeche@vivienne-im.com\u200b'], ['contact@vivienne-im.com).']]"
ETI,NEO SOFT SERVICES ,69003,LYON 3EME,Conseil en systèmes et logiciels informatiques,www.neo-soft.fr,"[['contact.site@neo-soft.fr.Filiales'], ['contact.site@neo-soft.fr.']]"
PME,SOOGEST I.T. CONSULTING ,69005,LYON 5EME,Tierce maintenance de systèmes et d applications informatiques,www.soogest.fr,[['contact@lyon-\u200bentreprises.com']]
PME,SOCIETE PROFESSIONNELLE INFORMATIQUE SPI,69003,LYON 3EME,Programmation informatique,www.societe.com,[]
PME,SOLIRE ,69001,LYON 1ER,Programmation informatique,www.solire.fr,"[['contact@solire.fr', 'contact@solire.fr\u200b.Aura'], ['contact@solire.fr'], ['contact@solire.fr\u200b.']]"
PME,ATMA TAO ,69004,LYON 4EME,Portails Internet,www.atma-holistic.com,[]
PME,ABAS PGI FRANCE ABAS-TI,69100,VILLEURBANNE,Conseil en systèmes et logiciels informatiques,,[]
PME,INFOLOGIC - ENGINEERING ,69007,LYON 7EME,Conseil en systèmes et logiciels informatiques,www.infologic-copilote.fr,[]
PME,WEB TECHNOLOGIES & SERVICES WT&S,69100,VILLEURBANNE,Conseil en systèmes et logiciels informatiques,,[]
PME,PEAKS ,69003,LYON 3EME,Conseil en systèmes et logiciels informatiques,www.peaks.fr,"[['serviceclient@etpsport.fr', 'info@peaks.fr'], ['serviceclient@etpsport.fr'], ['info@peaks.fr']]"
PME,BF SERVICES ,69003,LYON 3EME,Conseil en systèmes et logiciels informatiques,www.bf-solutions.fr,[['bfreseaux@bfreseaux.fr']]
PME,MOVE SOLUTIONS MOVESOL,69003,LYON 3EME,Programmation informatique,,[]
PME,MOVE SOLUTIONS MOVESOL,69002,LYON 2EME,Programmation informatique,,[]
ETI,SCALIAN DS ,69003,LYON 3EME,Conseil en systèmes et logiciels informatiques,www.scalian.com,[['communication@scalian.com.']]
PME,KUNLUN ,69006,LYON 6EME,"Traitement de données, hébergement et activités connexes",,[]
PME,JOBETUDIANT ,69001,LYON 1ER,Programmation informatique,,[]
PME,AGYLIS ,69100,VILLEURBANNE,Conseil en systèmes et logiciels informatiques,www.agylis.com,[['contact@test.com']]
PME,TRANSPACITY ,69004,LYON 4EME,"Traitement de données, hébergement et activités connexes",www.transpacity.com,[['emeline@transparency-ty.com.']]
PME,ASOLUTION ,69003,LYON 3EME,Conseil en systèmes et logiciels informatiques,www.asolution.fr,"[['contact@cianeo.fr', 'mailto:contact@asolution.fr', 'contact@cianeo.fr-', 'contact@solution-box.fr', 'contact@asolution.fr.', 'contact@n2m-solution.fr'], ['contact@cianeo.fr'], ['mailto:contact@asolution.fr'], ['contact@cianeo.fr-'], ['contact@solution-box.fr'], ['contact@asolution.fr.'], ['contact@n2m-solution.fr']]"
PME,HAUSSMANN INNOVATION ,69008,LYON 8EME,Conseil en systèmes et logiciels informatiques,www.haussmann-patrimoine.fr,[[]]
ETI,TRSB RHONE-ALPES ,69003,LYON 3EME,Gestion d installations informatiques,www.trsb.net,"[['accueil.hoche@trsb.net', 'dpo@trsb.net.TRSb'], ['accueil.hoche@trsb.net'], ['dpo@trsb.net.']]"
PME,ITIS COMMERCE ,69009,LYON 9EME,Conseil en systèmes et logiciels informatiques,www.itis-commerce.com,"[['contact@itis-commerce.com', 'contact@prestashop.com.'], ['contact@itis-commerce.com'], ['contact@prestashop.com.']]"
PME,BNM ,69006,LYON 6EME,Programmation informatique,,[]
