Categorie,Nom,Code Postal,Ville,Activite principale
GE,ATOS INFOGERANCE ,38000,GRENOBLE,Gestion d installations informatiques
ETI,OFFICE NATIONAL D INFORMATION SUR LES ENSEIGNEMENTS ET LES PROFESSIONS ONISEP,38000,GRENOBLE,"Traitement de données, hébergement et activités connexes"
ETI,SOCIETE POUR L'INFORMATIQUE INDUSTRIELLE SII,38000,GRENOBLE,Conseil en systèmes et logiciels informatiques
PME,ASSOCIATION CHAMPOLLION ,38000,GRENOBLE,Programmation informatique
GE,SOPRA STERIA GROUP ,38100,GRENOBLE,Conseil en systèmes et logiciels informatiques
PME,SILICOM SILICOM,38100,GRENOBLE,Conseil en systèmes et logiciels informatiques
PME,CRIF INFORMATIQUE ,38100,GRENOBLE,Conseil en systèmes et logiciels informatiques
PME,ETUDES INFORMATIQUES GESTION ,38000,GRENOBLE,Conseil en systèmes et logiciels informatiques
ETI,T D F TDF,38100,GRENOBLE,Telecommunications sans fil
GE,SOCIETE FRANCAISE DU RADIOTELEPHONE - SFR SFR,38100,GRENOBLE,Telecommunications sans fil
GE,ALTEN ,38000,GRENOBLE,Conseil en systèmes et logiciels informatiques
GE,GRENOBLOISE D INFORMATIQUE PERIPHERIQUE ,38100,GRENOBLE,"Traitement de données, hébergement et activités connexes"
PME,ALOE INFORMATIQUE ,38100,GRENOBLE,"Traitement de données, hébergement et activités connexes"
PME,AXE INFORMATIQUE ,38000,GRENOBLE,Conseil en systèmes et logiciels informatiques
ETI,PRODWARE SA ,38000,GRENOBLE,Tierce maintenance de systèmes et d applications informatiques
GE,MODIS FRANCE ,38000,GRENOBLE,Programmation informatique
ETI,SMILE ,38000,GRENOBLE,Programmation informatique
GE,ORANGE ,38000,GRENOBLE,Telecommunications filaires
GE,ORANGE ,38000,GRENOBLE,Telecommunications filaires
GE,ORANGE ,38000,GRENOBLE,Telecommunications filaires
GE,ORANGE ,38000,GRENOBLE,Telecommunications filaires
GE,ORANGE ,38100,GRENOBLE,Telecommunications filaires
GE,ORANGE ,38000,GRENOBLE,Telecommunications filaires
GE,BUSINESS & DECISION INTERACTIVE EOLAS ,38000,GRENOBLE,Programmation informatique
GE,BUSINESS & DECISION INTERACTIVE EOLAS ,38000,GRENOBLE,Programmation informatique
GE,BUSINESS & DECISION INTERACTIVE EOLAS ,38000,GRENOBLE,Programmation informatique
GE,BUSINESS & DECISION INTERACTIVE EOLAS ,38100,GRENOBLE,Programmation informatique
GE,BUSINESS & DECISION INTERACTIVE EOLAS ,38100,GRENOBLE,Programmation informatique
PME,INDEXPRESSE ,38000,GRENOBLE,"Traitement de données, hébergement et activités connexes"
PME,ASS UNION ALPINE PRESTATIONS ,38000,GRENOBLE,"Traitement de données, hébergement et activités connexes"
PME,DACTYL'ASSISTANCE ,38100,GRENOBLE,"Traitement de données, hébergement et activités connexes"
PME,BASSETTI ,38100,GRENOBLE,Conseil en systèmes et logiciels informatiques
PME,BASSETTI ,38000,GRENOBLE,Conseil en systèmes et logiciels informatiques
PME,BASSETTI ,38000,GRENOBLE,Conseil en systèmes et logiciels informatiques
PME,JB DEVELOPPEMENT ,38100,GRENOBLE,"Traitement de données, hébergement et activités connexes"
PME,ASS RRESALP ,38000,GRENOBLE,"Traitement de données, hébergement et activités connexes"
PME,ABS GRENOBLE ,38100,GRENOBLE,Conseil en systèmes et logiciels informatiques
PME,MAC PIECE A2C,38100,GRENOBLE,Conseil en systèmes et logiciels informatiques
PME,ADAMAH ,38100,GRENOBLE,"Traitement de données, hébergement et activités connexes"
PME,NEXUS/FRANCE ,38000,GRENOBLE,Conseil en systèmes et logiciels informatiques
GE,EXPERIS FRANCE ,38000,GRENOBLE,Gestion d installations informatiques
GE,BOUYGUES TELECOM ,38100,GRENOBLE,Telecommunications sans fil
ETI,NORSYS SAS ,38000,GRENOBLE,Conseil en systèmes et logiciels informatiques
ETI,SULLY GROUP ,38000,GRENOBLE,Conseil en systèmes et logiciels informatiques
GE,SFR FIBRE SAS ,38000,GRENOBLE,Telecommunications filaires
PME,NEPTUNE INTERNET SERVICES ,38000,GRENOBLE,Gestion d installations informatiques
ETI,ALTECA ,38000,GRENOBLE,Programmation informatique
GE,ATOS INTEGRATION ,38000,GRENOBLE,Conseil en systèmes et logiciels informatiques
PME,HYPEROBJECTS ,38000,GRENOBLE,Programmation informatique
PME,PART'INFO ,38100,GRENOBLE,Conseil en systèmes et logiciels informatiques
GE,CORYS CORYS,38000,GRENOBLE,Conseil en systèmes et logiciels informatiques
PME,DESIGN AND REUSE ,38000,GRENOBLE,Portails Internet
PME,BILENDI TECHNOLOGY ELMA,38100,GRENOBLE,Programmation informatique
PME,DIGIMIND ,38000,GRENOBLE,Conseil en systèmes et logiciels informatiques
PME,NODULE MULTIMEDIA ,38000,GRENOBLE,Programmation informatique
ETI,VISEO TECHNOLOGIES ,38000,GRENOBLE,Conseil en systèmes et logiciels informatiques
PME,CREAWE SERVICES ,38100,GRENOBLE,Programmation informatique
PME,SARL DEGECOM ,38000,GRENOBLE,Conseil en systèmes et logiciels informatiques
PME,ALLIANCE INFORMATIQUE ,38000,GRENOBLE,"Traitement de données, hébergement et activités connexes"
PME,CHARLET MICRO INFORMATIQUE & INTERNET CM2I,38000,GRENOBLE,Conseil en systèmes et logiciels informatiques
PME,VIRTUAVIA ,38000,GRENOBLE,Programmation informatique
PME,IROC TECHNOLOGIES ,38000,GRENOBLE,Conseil en systèmes et logiciels informatiques
PME,DIFFUSION ACTIVE ,38000,GRENOBLE,Programmation informatique
ETI,RAYNET ,38000,GRENOBLE,Tierce maintenance de systèmes et d applications informatiques
PME,ALPES DAUPHINE CONSULTING ,38100,GRENOBLE,Conseil en systèmes et logiciels informatiques
PME,LINKEO.COM ,38000,GRENOBLE,Portails Internet
PME,SAJ ,38000,GRENOBLE,Programmation informatique
PME,KIBATIC ,38100,GRENOBLE,Programmation informatique
PME,ALTINEIGE ,38000,GRENOBLE,Programmation informatique
ETI,ADENTIS ,38000,GRENOBLE,Conseil en systèmes et logiciels informatiques
PME,INTERNET ,38100,GRENOBLE,Tierce maintenance de systèmes et d applications informatiques
PME,INTERNET ,38100,GRENOBLE,Tierce maintenance de systèmes et d applications informatiques
GE,CITYWAY ,38000,GRENOBLE,Conseil en systèmes et logiciels informatiques
PME,ECEDI ,38000,GRENOBLE,Programmation informatique
PME,LAETICIA ,38100,GRENOBLE,Conseil en systèmes et logiciels informatiques
PME,SYSOCO ,38100,GRENOBLE,Autres activités de télécommunication
PME,INFOTECH ,38000,GRENOBLE,Conseil en systèmes et logiciels informatiques
PME,NEXTHAL ,38000,GRENOBLE,Autres activités informatiques
PME,ID NOVA ,38100,GRENOBLE,"Traitement de données, hébergement et activités connexes"
ETI,RODACOM ,38000,GRENOBLE,Conseil en systèmes et logiciels informatiques
PME,ACKTIL ,38100,GRENOBLE,Programmation informatique
PME,PROBESYS ,38100,GRENOBLE,Conseil en systèmes et logiciels informatiques
PME,SYMETRIX ,38000,GRENOBLE,Conseil en systèmes et logiciels informatiques
PME,VIVAXE INTERACTIVE ,38000,GRENOBLE,Programmation informatique
PME,BLUE EYE VIDEO ,38000,GRENOBLE,Conseil en systèmes et logiciels informatiques
PME,ADYOM INFORMATIQUE ,38100,GRENOBLE,Conseil en systèmes et logiciels informatiques
PME,NOUVELLE VAGUE NV,38000,GRENOBLE,Conseil en systèmes et logiciels informatiques
PME,ASSOCIATION LAPOUDRE ,38100,GRENOBLE,Programmation informatique
PME,OXIO ,38100,GRENOBLE,Conseil en systèmes et logiciels informatiques
PME,PHPNET FRANCE ,38100,GRENOBLE,Conseil en systèmes et logiciels informatiques
PME,ONEIDA CONSULTING ,38000,GRENOBLE,Conseil en systèmes et logiciels informatiques
PME,ENIGMATIC ,38100,GRENOBLE,Programmation informatique
ETI,AVISTO TELECOM ,38000,GRENOBLE,Conseil en systèmes et logiciels informatiques
PME,EXTELLIENT ,38000,GRENOBLE,Conseil en systèmes et logiciels informatiques
PME,ADCTP SOLUTIONS INFORMATIQUES ,38100,GRENOBLE,Conseil en systèmes et logiciels informatiques
PME,APOLLO A SSC,38000,GRENOBLE,Conseil en systèmes et logiciels informatiques
PME,FORCE COMMERCE ,38100,GRENOBLE,"Traitement de données, hébergement et activités connexes"
ETI,COGNIZANT TECHNOLOGY SOLUTIONS FRANCE ,38000,GRENOBLE,Conseil en systèmes et logiciels informatiques
PME,NANOSPRINT NANOSPRINT,38000,GRENOBLE,Programmation informatique
PME,GED INVEST ,38100,GRENOBLE,Conseil en systèmes et logiciels informatiques
PME,GRENOUILLE ,38100,GRENOBLE,Programmation informatique
PME,LE MAROC CHEZ VOUS ,38000,GRENOBLE,Autres activités de télécommunication
PME,ASS VALORISATION OUTIL INFORMAT RESEAU AVOIR,38100,GRENOBLE,Conseil en systèmes et logiciels informatiques
PME,CHRIS PC SERVICES ,38000,GRENOBLE,Tierce maintenance de systèmes et d applications informatiques
PME,WEBU ,38000,GRENOBLE,Programmation informatique
PME,HANDI VOYAGE ,38100,GRENOBLE,Autres activités de télécommunication
PME,SILECS SILECS,38000,GRENOBLE,Programmation informatique
PME,SARL DS2JL ,38000,GRENOBLE,Conseil en systèmes et logiciels informatiques
PME,ECOMMERCE ,38100,GRENOBLE,Programmation informatique
PME,A3CB ,38100,GRENOBLE,Programmation informatique
PME,CYBER PHONE 38 ,38000,GRENOBLE,Autres activités de télécommunication
PME,ACROMICRO ,38100,GRENOBLE,Programmation informatique
PME,ART ART @T ,38000,GRENOBLE,Programmation informatique
PME,SINAPCE : SERVICES INFORMATIQUES NTIC ASSISTANCE PREVENTION CONSEIL EN EQUIPEMENT ,38100,GRENOBLE,Tierce maintenance de systèmes et d applications informatiques
PME,SIPEA SIPEA,38000,GRENOBLE,Conseil en systèmes et logiciels informatiques
PME,MGM TECHNOLOGY PARTNERS FRANCE ,38000,GRENOBLE,Conseil en systèmes et logiciels informatiques
PME,ENERDATA ,38000,GRENOBLE,"Traitement de données, hébergement et activités connexes"
ETI,ZENIKA ,38000,GRENOBLE,Conseil en systèmes et logiciels informatiques
PME,KIOU.NET ,38100,GRENOBLE,Conseil en systèmes et logiciels informatiques
PME,SIGNAL25 INFORMATIQUE SIGNAL 25,38000,GRENOBLE,Programmation informatique
ETI,TIBCO SERVICES ,38100,GRENOBLE,Gestion d installations informatiques
PME,GN MULTIMEDIA NT 38,38100,GRENOBLE,"Traitement de données, hébergement et activités connexes"
PME,MEZCALITO ,38000,GRENOBLE,"Traitement de données, hébergement et activités connexes"
PME,PC HELP ,38100,GRENOBLE,Conseil en systèmes et logiciels informatiques
PME,COSERVIT ,38100,GRENOBLE,Conseil en systèmes et logiciels informatiques
PME,WARP ,38100,GRENOBLE,Conseil en systèmes et logiciels informatiques
PME,GD OPEN BUSINESS SOLUTIONS ,38000,GRENOBLE,Programmation informatique
PME,AZAIZIA MICHIT INGENIERIE ET SERVICES INFORMATIQUES ,38000,GRENOBLE,Conseil en systèmes et logiciels informatiques
ETI,SILLAGE ,38100,GRENOBLE,Programmation informatique
PME,NOOVEO ,38000,GRENOBLE,Programmation informatique
PME,LA ROUE VERTE LRV,38100,GRENOBLE,Portails Internet
PME,MOVEA ,38000,GRENOBLE,Conseil en systèmes et logiciels informatiques
PME,INTELLYSURF ,38000,GRENOBLE,Programmation informatique
PME,SARL ELC ,38000,GRENOBLE,Programmation informatique
PME,NETVISITE-HD ,38100,GRENOBLE,Programmation informatique
PME,IS NETWORK ,38000,GRENOBLE,Autres activités informatiques
PME,SOGILIS ,38000,GRENOBLE,Conseil en systèmes et logiciels informatiques
ETI,USHARESOFT ,38000,GRENOBLE,Programmation informatique
PME,NETWORK RADIUS ,38000,GRENOBLE,Conseil en systèmes et logiciels informatiques
PME,M.D.J. TELECOM ,38100,GRENOBLE,Autres activités de télécommunication
PME,XILS AUDIO ,38100,GRENOBLE,Programmation informatique
PME,URGENCES SERVICES ,38100,GRENOBLE,Conseil en systèmes et logiciels informatiques
PME,COM&NET ,38100,GRENOBLE,Programmation informatique
PME,KIWAX ,38000,GRENOBLE,Conseil en systèmes et logiciels informatiques
PME,AMCLA ,38100,GRENOBLE,Conseil en systèmes et logiciels informatiques
PME,EEN-ETONICO ,38100,GRENOBLE,Programmation informatique
PME,APOGEE MULTIMEDIA ,38000,GRENOBLE,Conseil en systèmes et logiciels informatiques
PME,ALPES VT INFORMATIQUE CONSULTING AVTIC,38100,GRENOBLE,Conseil en systèmes et logiciels informatiques
PME,MAX BUSINESS ,38100,GRENOBLE,Programmation informatique
PME,SAVOYET INFORMATIQUE X86 S.I.X86,38100,GRENOBLE,Tierce maintenance de systèmes et d applications informatiques
PME,RASADACREA ,38000,GRENOBLE,Conseil en systèmes et logiciels informatiques
PME,PUZZLE-SYSTEM ,38000,GRENOBLE,Programmation informatique
PME,BOUAZIZ ,38000,GRENOBLE,Autres activités de télécommunication
PME,OOKAPI ,38100,GRENOBLE,Programmation informatique
PME,CALIENTE RAYMOND ,38100,GRENOBLE,Programmation informatique
ETI,HARDIS GROUPE ,38000,GRENOBLE,Conseil en systèmes et logiciels informatiques
PME,VOXITY ,38000,GRENOBLE,Autres activités de télécommunication
PME,OMEGA - DISTRIBUTION ,38000,GRENOBLE,Conseil en systèmes et logiciels informatiques
PME,ISINOVER ,38000,GRENOBLE,Conseil en systèmes et logiciels informatiques
PME,ADR 38 INFORMATIQUE ,38100,GRENOBLE,Tierce maintenance de systèmes et d applications informatiques
PME,FUTURE LEARNING STUDIO ,38000,GRENOBLE,Programmation informatique
GE,ATOS WORLDGRID ,38000,GRENOBLE,Conseil en systèmes et logiciels informatiques
PME,VELOSSITY ,38000,GRENOBLE,Programmation informatique
PME,LINK TO BUSINESS TECHNOLOGY ,38100,GRENOBLE,Programmation informatique
PME,YOORG EUROPE YGE,38100,GRENOBLE,Conseil en systèmes et logiciels informatiques
PME,W3C2I ,38000,GRENOBLE,Conseil en systèmes et logiciels informatiques
PME,QUALTERA ,38000,GRENOBLE,Programmation informatique
PME,OBATRADE ,38000,GRENOBLE,Portails Internet
GE,CREDIT AGRICOLE TECHNOLOGIES ET SERVICES ,38000,GRENOBLE,Tierce maintenance de systèmes et d applications informatiques
PME,MVP ,38000,GRENOBLE,Programmation informatique
PME,DSSI ,38100,GRENOBLE,Conseil en systèmes et logiciels informatiques
PME,G WEB CREATION ,38000,GRENOBLE,Programmation informatique
PME,KO DEVELOPMENT KO-D,38000,GRENOBLE,Conseil en systèmes et logiciels informatiques
PME,WIZBII ,38000,GRENOBLE,Programmation informatique
PME,KERBEROS CONSULTING ,38100,GRENOBLE,Conseil en systèmes et logiciels informatiques
PME,JS MEDIA PROD ,38000,GRENOBLE,Programmation informatique
PME,JS MEDIA PROD ,38000,GRENOBLE,Programmation informatique
PME,BASSETTI DIRECT ,38100,GRENOBLE,Programmation informatique
PME,L2C2 ,38000,GRENOBLE,Programmation informatique
PME,MPIOT-CONSEIL ,38100,GRENOBLE,Conseil en systèmes et logiciels informatiques
,SUD WEB ,38000,GRENOBLE,Conseil en systèmes et logiciels informatiques
PME,SHORTEDITION ,38000,GRENOBLE,Programmation informatique
PME,VESTA-SYSTEM ,38000,GRENOBLE,Programmation informatique
PME,SOKIEN BY GREEN IT ADDICT GITA,38000,GRENOBLE,Conseil en systèmes et logiciels informatiques
PME,SIEG INFORMATIQUE ,38000,GRENOBLE,Tierce maintenance de systèmes et d applications informatiques
PME,HISTOIRES GEO ,38000,GRENOBLE,Programmation informatique
PME,SLEEDE ,38000,GRENOBLE,Programmation informatique
PME,EXSELT SERVICES ,38000,GRENOBLE,Conseil en systèmes et logiciels informatiques
PME,HAVANA IT &APPS ,38000,GRENOBLE,Conseil en systèmes et logiciels informatiques
PME,DATA ACCESS CONTROL ,38100,GRENOBLE,Tierce maintenance de systèmes et d applications informatiques
PME,HRMS CONSULTING FRANCE ,38000,GRENOBLE,Conseil en systèmes et logiciels informatiques
PME,LOGIXEN ,38100,GRENOBLE,Programmation informatique
PME,Y'S SERVICES Y'S,38000,GRENOBLE,Programmation informatique
PME,PIEL VINCENT ,38100,GRENOBLE,Conseil en systèmes et logiciels informatiques
,REZINE ,38100,GRENOBLE,Telecommunications filaires
GE,BULL SAS ,38100,GRENOBLE,Conseil en systèmes et logiciels informatiques
GE,CGI FRANCE ,38100,GRENOBLE,Conseil en systèmes et logiciels informatiques
PME,WEBIAPART ,38000,GRENOBLE,Programmation informatique
PME,VATES ,38000,GRENOBLE,Conseil en systèmes et logiciels informatiques
PME,ENOVALP ,38000,GRENOBLE,Conseil en systèmes et logiciels informatiques
PME,AKYLAS ,38000,GRENOBLE,Programmation informatique
PME,TEST AND VERIFICATION SOLUTIONS FRANCE T.V.S FRANCE,38100,GRENOBLE,Conseil en systèmes et logiciels informatiques
PME,VALADRI ,38000,GRENOBLE,Programmation informatique
PME,IDRETIS ,38000,GRENOBLE,Programmation informatique
PME,ISAC INFORMATIQUE ,38000,GRENOBLE,Conseil en systèmes et logiciels informatiques
PME,ARCHIMED ,38000,GRENOBLE,Conseil en systèmes et logiciels informatiques
PME,BUTTERFLYEFFECT ,38000,GRENOBLE,Programmation informatique
PME,ASAP GESTION ,38000,GRENOBLE,Conseil en systèmes et logiciels informatiques
PME,SERENECO ,38000,GRENOBLE,Conseil en systèmes et logiciels informatiques
GE,SQUARE CONNEXION ,38000,GRENOBLE,Programmation informatique
PME,IPSILAN RHONE ALPES ,38100,GRENOBLE,Conseil en systèmes et logiciels informatiques
PME,MOBILE SYSTEM ACCESS ,38000,GRENOBLE,Conseil en systèmes et logiciels informatiques
PME,AIRECORS ,38100,GRENOBLE,Conseil en systèmes et logiciels informatiques
PME,STODEUS ,38000,GRENOBLE,Conseil en systèmes et logiciels informatiques
PME,STIMERGY ,38000,GRENOBLE,"Traitement de données, hébergement et activités connexes"
PME,SIXMARS DEVELOPPEMENT ,38000,GRENOBLE,Programmation informatique
PME,CADATWORK ,38100,GRENOBLE,Conseil en systèmes et logiciels informatiques
PME,EVASIM INFORMATIQUE ,38100,GRENOBLE,Gestion d installations informatiques
PME,REACTIV' IP ,38000,GRENOBLE,Programmation informatique
PME,NEOVISION ,38000,GRENOBLE,Programmation informatique
PME,RKTECH ,38100,GRENOBLE,Autres activités informatiques
PME,D-CLICSOFT ,38100,GRENOBLE,Conseil en systèmes et logiciels informatiques
PME,DATAMINTE ,38000,GRENOBLE,Programmation informatique
PME,REVES NUMERIQUES ,38000,GRENOBLE,Conseil en systèmes et logiciels informatiques
PME,LEAV SOLUTIONS ,38100,GRENOBLE,Programmation informatique
PME,SYM2B SYM2B,38000,GRENOBLE,Programmation informatique
PME,STUDIO CHAHUT ,38100,GRENOBLE,Programmation informatique
PME,DATAMENTO ,38000,GRENOBLE,Programmation informatique
PME,GC&I ,38000,GRENOBLE,Conseil en systèmes et logiciels informatiques
PME,DECODE CONSULTING ,38000,GRENOBLE,Programmation informatique
PME,ODYXA ,38000,GRENOBLE,Programmation informatique
PME,POLYNODE ,38100,GRENOBLE,Programmation informatique
PME,ALTAMENDI ,38000,GRENOBLE,Programmation informatique
PME,FR DOMAINES ,38100,GRENOBLE,Autres activités informatiques
PME,PULSE ORIGIN ,38000,GRENOBLE,Programmation informatique
PME,OPTALOG ,38100,GRENOBLE,Programmation informatique
PME,KIFCORP ,38000,GRENOBLE,Programmation informatique
,ASSOCIATION PROFESSIONNELS-PROFESSEURS ETUDIANTS POUR LE TRAITEMENT DES IMAGES ET DES SIGNAUX (APPETIS) ,38000,GRENOBLE,Telecommunications filaires
PME,SAS SHARE CAURIS ,38000,GRENOBLE,Programmation informatique
PME,ELICHENS ,38000,GRENOBLE,Conseil en systèmes et logiciels informatiques
ETI,COMMUNITY WEB ,38100,GRENOBLE,Programmation informatique
PME,P2LINK P2LINK,38100,GRENOBLE,Conseil en systèmes et logiciels informatiques
PME,ACTIMEA ,38100,GRENOBLE,Programmation informatique
PME,INVENTHYS ,38000,GRENOBLE,Programmation informatique
PME,P.M.VIAL ,38100,GRENOBLE,Programmation informatique
PME,UPMEM ,38000,GRENOBLE,Programmation informatique
PME,MINAFOR ,38100,GRENOBLE,Conseil en systèmes et logiciels informatiques
PME,LES PAPAS DU CODE ,38100,GRENOBLE,Programmation informatique
PME,OZIRIS ,38000,GRENOBLE,Programmation informatique
PME,SASU KRYCIA INFORMATIQUE ,38100,GRENOBLE,Tierce maintenance de systèmes et d applications informatiques
PME,PHARMANITY ,38000,GRENOBLE,Programmation informatique
PME,SINAO ,38100,GRENOBLE,Programmation informatique
PME,ELQUI ,38000,GRENOBLE,Programmation informatique
PME,CENTREPRISE ,38000,GRENOBLE,Programmation informatique
PME,LEESI MARKETING ,38100,GRENOBLE,Programmation informatique
PME,RESPAWNSIVE ,38100,GRENOBLE,Programmation informatique
PME,STC CONNECT ,38100,GRENOBLE,Gestion d installations informatiques
PME,HB-TECH ,38100,GRENOBLE,Conseil en systèmes et logiciels informatiques
PME,LOVEBOX.LOVE ,38000,GRENOBLE,Conseil en systèmes et logiciels informatiques
PME,CORNER CASE ,38000,GRENOBLE,Programmation informatique
PME,WISE-OP ,38000,GRENOBLE,Programmation informatique
PME,ABHAYA ,38000,GRENOBLE,Programmation informatique
PME,ZEEMONO ,38100,GRENOBLE,Portails Internet
PME,IDAC-INDEPENDANT DIGITAL ANALYTICS CONSULTING ,38000,GRENOBLE,Conseil en systèmes et logiciels informatiques
PME,BAON ,38000,GRENOBLE,Programmation informatique
PME,VORTAK ,38100,GRENOBLE,"Traitement de données, hébergement et activités connexes"
PME,MIYENGUE ,38000,GRENOBLE,Conseil en systèmes et logiciels informatiques
PME,PHONE FAX ,38000,GRENOBLE,Autres activités de télécommunication
PME,CRESIL ,38000,GRENOBLE,Conseil en systèmes et logiciels informatiques
PME,BEELSE ,38000,GRENOBLE,"Traitement de données, hébergement et activités connexes"
PME,MELILOG MLG,38100,GRENOBLE,Programmation informatique
PME,DIRECT MOUNTAIN ,38000,GRENOBLE,Portails Internet
PME,ADOOVIZ ,38000,GRENOBLE,Programmation informatique
PME,1001AUDIOS ,38100,GRENOBLE,Programmation informatique
PME,LUNACODE ,38000,GRENOBLE,Programmation informatique
PME,LA CHOUETTE COMPANY ,38000,GRENOBLE,Conseil en systèmes et logiciels informatiques
PME,PROSPECTIVA ,38100,GRENOBLE,Programmation informatique
PME,SOFT'IDEAS ,38100,GRENOBLE,Conseil en systèmes et logiciels informatiques
PME,88-IT.COM ,38000,GRENOBLE,Programmation informatique
PME,BAG-ERA ,38000,GRENOBLE,Programmation informatique
PME,SQUARESCALE ,38000,GRENOBLE,Programmation informatique
PME,RANXPLORER ,38000,GRENOBLE,Conseil en systèmes et logiciels informatiques
PME,IZIMAKERS ,38000,GRENOBLE,Programmation informatique
PME,OWNWEB ,38100,GRENOBLE,Programmation informatique
PME,VEDALIS GROUPE BASSETTI ,38100,GRENOBLE,Programmation informatique
PME,BASSETTI DATA PROVIDER ,38000,GRENOBLE,"Traitement de données, hébergement et activités connexes"
PME,EDIWEB & COM' ,38100,GRENOBLE,Programmation informatique
PME,CYBERSECURA ,38000,GRENOBLE,Conseil en systèmes et logiciels informatiques
PME,BRUYERE CONSULTING ,38100,GRENOBLE,Programmation informatique
PME,EFWAY ,38000,GRENOBLE,Conseil en systèmes et logiciels informatiques
PME,KIPAGO ,38000,GRENOBLE,Conseil en systèmes et logiciels informatiques
PME,GROUPE QUATRE CONSULTANTS G4C,38000,GRENOBLE,Conseil en systèmes et logiciels informatiques
PME,GMECO ,38100,GRENOBLE,Conseil en systèmes et logiciels informatiques
PME,LOCO MEDIA ,38100,GRENOBLE,Portails Internet
PME,COPROSPHERE ,38000,GRENOBLE,Programmation informatique
PME,COOT SOLUTIONS SAS ,38000,GRENOBLE,Programmation informatique
,ORDI'TOUTAGE OTA,38000,GRENOBLE,Conseil en systèmes et logiciels informatiques
PME,IBEX CONSEIL ,38000,GRENOBLE,Conseil en systèmes et logiciels informatiques
PME,LIMONIE ,38000,GRENOBLE,Programmation informatique
PME,E-LOA LEARNING ,38000,GRENOBLE,Programmation informatique
PME,INCEPTIVE ,38000,GRENOBLE,Programmation informatique
PME,BASSETTI TALENT POOL ,38000,GRENOBLE,Conseil en systèmes et logiciels informatiques
PME,COWIZ ,38000,GRENOBLE,Portails Internet
PME,VEERTUS ,38100,GRENOBLE,Programmation informatique
PME,WEEBIT NANO FRANCE ,38000,GRENOBLE,Programmation informatique
PME,OFA-LAB ,38100,GRENOBLE,Conseil en systèmes et logiciels informatiques
PME,WE ADVOCACY ,38000,GRENOBLE,Programmation informatique
PME,IDAMN ,38100,GRENOBLE,Programmation informatique
PME,JNJO ,38100,GRENOBLE,Programmation informatique
PME,RANDOMLAB SAS ,38100,GRENOBLE,Programmation informatique
PME,M57 ,38100,GRENOBLE,Programmation informatique
PME,ERH CONSULTING ,38000,GRENOBLE,Conseil en systèmes et logiciels informatiques
PME,LINKYVET ,38000,GRENOBLE,Programmation informatique
PME,MOTRHYS ,38000,GRENOBLE,Programmation informatique
PME,AMIRAL TECHNOLOGIES ,38000,GRENOBLE,Programmation informatique
PME,AGENCE TINTAMARRE ,38000,GRENOBLE,Programmation informatique
PME,MOUNTAIN GO ,38100,GRENOBLE,Portails Internet
PME,BOUYSSIE CONSULTING ,38000,GRENOBLE,Conseil en systèmes et logiciels informatiques
PME,GOTMYTEAM ,38000,GRENOBLE,Portails Internet
PME,LUG ON ,38100,GRENOBLE,Conseil en systèmes et logiciels informatiques
GE,EBRA SERVICES ,38000,GRENOBLE,Tierce maintenance de systèmes et d applications informatiques
PME,NOVASTACK ,38000,GRENOBLE,Conseil en systèmes et logiciels informatiques
PME,ONEANGSTROM ,38000,GRENOBLE,Programmation informatique
PME,DEV2APP ,38000,GRENOBLE,Portails Internet
PME,WELPCAR ,38100,GRENOBLE,"Traitement de données, hébergement et activités connexes"
PME,YONET ,38000,GRENOBLE,Programmation informatique
PME,STAM CONSULTING SAS,38000,GRENOBLE,Conseil en systèmes et logiciels informatiques
,INDLU ,38100,GRENOBLE,Programmation informatique
,LBA CONSULTANT ,38000,GRENOBLE,Conseil en systèmes et logiciels informatiques
,MOBITEACH ,38100,GRENOBLE,Programmation informatique
,ANS INNOVATION ,38100,GRENOBLE,Programmation informatique
,LOKKI ,38000,GRENOBLE,Programmation informatique
,CODEXTECH CDT,38100,GRENOBLE,Programmation informatique
,OUIKEE ,38000,GRENOBLE,Conseil en systèmes et logiciels informatiques
,KIWI EDITION ,38100,GRENOBLE,Conseil en systèmes et logiciels informatiques
,LYCOPANTIS ,38000,GRENOBLE,Autres activités informatiques
,BILL-IDEA ,38000,GRENOBLE,Programmation informatique
,COMOTIC ,38100,GRENOBLE,Programmation informatique
,FLEX FOR YOU ,38000,GRENOBLE,Conseil en systèmes et logiciels informatiques
,SYMETRY ,38000,GRENOBLE,Conseil en systèmes et logiciels informatiques
,ARIAZ ,38100,GRENOBLE,Programmation informatique
,ANDYAMO ,38000,GRENOBLE,Conseil en systèmes et logiciels informatiques
,TECHPULSE ,38100,GRENOBLE,Conseil en systèmes et logiciels informatiques
,PRODIFY ,38000,GRENOBLE,Conseil en systèmes et logiciels informatiques
,CHEZ TON OSTEO ,38100,GRENOBLE,Programmation informatique
,BEGIN ,38100,GRENOBLE,Conseil en systèmes et logiciels informatiques
,EFEMARY ,38000,GRENOBLE,Programmation informatique
,SO MANY JOURNEYS ,38000,GRENOBLE,Conseil en systèmes et logiciels informatiques
,LINKEYS FRANCE ,38100,GRENOBLE,Programmation informatique
,ANIAH ,38000,GRENOBLE,Programmation informatique
,MAI ,38000,GRENOBLE,Programmation informatique
,JPP ECM CONSEIL ,38000,GRENOBLE,Conseil en systèmes et logiciels informatiques
,AMG CONNECT ,38000,GRENOBLE,Programmation informatique
,DAIDALOS ,38000,GRENOBLE,Conseil en systèmes et logiciels informatiques
,TOPPLAN ,38000,GRENOBLE,Conseil en systèmes et logiciels informatiques
,WORMSENSING ,38000,GRENOBLE,Programmation informatique
,PIN & PLAN ,38100,GRENOBLE,Programmation informatique
,CADATWORK DESIGN ,38100,GRENOBLE,Conseil en systèmes et logiciels informatiques
,CADATWORK LEARNING ,38100,GRENOBLE,Conseil en systèmes et logiciels informatiques
,ALTERIA ,38100,GRENOBLE,"Traitement de données, hébergement et activités connexes"
,EDEN SHARK ES,38100,GRENOBLE,Programmation informatique
,LEADSERV ,38000,GRENOBLE,Conseil en systèmes et logiciels informatiques
,TWINSIGHT ,38000,GRENOBLE,Programmation informatique
,KENTYOU ,38000,GRENOBLE,Programmation informatique
,LUSALP ,38000,GRENOBLE,Conseil en systèmes et logiciels informatiques
,TWIN ROBOTICS ,38100,GRENOBLE,Programmation informatique
,DEXYOS ,38000,GRENOBLE,Programmation informatique
,WEBSTEEM ,38000,GRENOBLE,Programmation informatique
,MAIPLUG ,38000,GRENOBLE,Programmation informatique
,CMG MIND ,38100,GRENOBLE,Programmation informatique
,ANYA TECHNOLOGIES SAS ,38000,GRENOBLE,Programmation informatique
,3 WORLD VISION CONCEPT ,38100,GRENOBLE,Programmation informatique
,DYVERSTART ,38100,GRENOBLE,Tierce maintenance de systèmes et d applications informatiques
,SENSEA FR ,38100,GRENOBLE,Programmation informatique
,CINNK ,38000,GRENOBLE,Conseil en systèmes et logiciels informatiques
,LUDOCEO ,38000,GRENOBLE,Programmation informatique
,UMB NETWORK ,38000,GRENOBLE,Conseil en systèmes et logiciels informatiques
,SOI GOI ,38000,GRENOBLE,Conseil en systèmes et logiciels informatiques
,NIDYANET ,38100,GRENOBLE,Programmation informatique
,RINEMO ,38100,GRENOBLE,Conseil en systèmes et logiciels informatiques
,HELIOCITY ,38000,GRENOBLE,Programmation informatique
,CARETOCARE ,38000,GRENOBLE,Programmation informatique
,LAKSOFT ,38000,GRENOBLE,Conseil en systèmes et logiciels informatiques
,MUSTANG AENGIE ,38000,GRENOBLE,Programmation informatique
